"","X","IntervalStart","Temperature","HVAC.1.Duct.Temp","HVAC.1.Zone.Temp"
"1",1,"1/1/2011 0:00",38.5,50,64.8
"2",2,"1/1/2011 1:00",37.3,50,60.9
"3",3,"1/1/2011 2:00",37.7,50,63.1
"4",4,"1/1/2011 3:00",35.9,79.7,62.8
"5",5,"1/1/2011 4:00",38.1,82.2,70.2
"6",6,"1/1/2011 5:00",38.8,50,67.7
"7",7,"1/1/2011 6:00",40.5,50,69.1
"8",8,"1/1/2011 7:00",41.2,50,70.6
"9",9,"1/1/2011 8:00",44.5,68.7,73.8
"10",10,"1/1/2011 9:00",49.1,66.8,71.7
"11",11,"1/1/2011 10:00",65.1,69.1,74.2
"12",12,"1/1/2011 11:00",66.4,67.4,72.3
"13",13,"1/1/2011 12:00",68.3,69.3,73.4
"14",14,"1/1/2011 13:00",67.9,71,74
"15",15,"1/1/2011 14:00",70,69,74
"16",16,"1/1/2011 15:00",69.2,70.3,74.3
"17",17,"1/1/2011 16:00",64.7,66.7,71.6
"18",18,"1/1/2011 17:00",65.6,69.6,73.7
"19",19,"1/1/2011 18:00",62.1,69.1,73.1
"20",20,"1/1/2011 19:00",60,68.8,71.8
"21",21,"1/1/2011 20:00",61.9,70,74
"22",22,"1/1/2011 21:00",59.1,50,73.1
"23",23,"1/1/2011 22:00",59.6,50,73.8
"24",24,"1/1/2011 23:00",60.1,50,73.3
"25",25,"1/2/2011 0:00",58.4,50,71.3
"26",26,"1/2/2011 1:00",58.8,50,71.8
"27",27,"1/2/2011 2:00",60,50,72.2
"28",28,"1/2/2011 3:00",59.5,50,70.6
"29",29,"1/2/2011 4:00",56.9,50,69.6
"30",30,"1/2/2011 5:00",57.9,67.7,70.7
"31",31,"1/2/2011 6:00",60.6,70.7,73.8
"32",32,"1/2/2011 7:00",60.4,68.4,73.5
"33",33,"1/2/2011 8:00",60.1,68.1,73.1
"34",34,"1/2/2011 9:00",62.6,65.6,73.7
"35",35,"1/2/2011 10:00",67.2,66.1,74.3
"36",36,"1/2/2011 11:00",68.1,69.1,73.1
"37",37,"1/2/2011 12:00",68.7,67.7,72.7
"38",38,"1/2/2011 13:00",67.9,67.9,72.9
"39",39,"1/2/2011 14:00",67.4,68.4,72.3
"40",40,"1/2/2011 15:00",60.8,68.6,71.6
"41",41,"1/2/2011 16:00",62.2,69.2,73.2
"42",42,"1/2/2011 17:00",63.2,68.2,73.2
"43",43,"1/2/2011 18:00",61.8,69.8,72.8
"44",44,"1/2/2011 19:00",59.9,67.9,72.9
"45",45,"1/2/2011 20:00",58.5,66.5,73.6
"46",46,"1/2/2011 21:00",53.2,67,70.9
"47",47,"1/2/2011 22:00",53.4,50,70.5
"48",48,"1/2/2011 23:00",50.9,50,69.2
"49",49,"1/3/2011 0:00",48.6,50,66.8
"50",50,"1/3/2011 1:00",44.6,50,64.4
"51",51,"1/3/2011 2:00",42.1,80.2,64.1
"52",52,"1/3/2011 3:00",40.3,77.6,69.5
"53",53,"1/3/2011 4:00",38.5,50,70.8
"54",54,"1/3/2011 5:00",36,50,71.1
"55",55,"1/3/2011 6:00",35.7,50,73.4
"56",56,"1/3/2011 7:00",33.9,50,71.8
"57",57,"1/3/2011 8:00",33.6,50,72.2
"58",58,"1/3/2011 9:00",38.4,68.7,73.8
"59",59,"1/3/2011 10:00",41.2,66.3,72.3
"60",60,"1/3/2011 11:00",43.2,67.3,72.3
"61",61,"1/3/2011 12:00",44.5,66.3,71.2
"62",62,"1/3/2011 13:00",46.8,65.8,72.7
"63",63,"1/3/2011 14:00",47.1,66.7,71.6
"64",64,"1/3/2011 15:00",46.5,66.3,72.2
"65",65,"1/3/2011 16:00",45.2,65.3,72.3
"66",66,"1/3/2011 17:00",42.5,50,71.2
"67",67,"1/3/2011 18:00",38.4,50,71.8
"68",68,"1/3/2011 19:00",35.3,50,71.6
"69",69,"1/3/2011 20:00",34.5,50,72.1
"70",70,"1/3/2011 21:00",31.4,50,71.8
"71",71,"1/3/2011 22:00",29.9,50,64.7
"72",72,"1/3/2011 23:00",28.7,50,60.4
"73",73,"1/4/2011 0:00",29.2,66.4,61.4
"74",74,"1/4/2011 1:00",27.3,70.9,61.8
"75",75,"1/4/2011 2:00",27.1,71.3,62.3
"76",76,"1/4/2011 3:00",25.5,70.7,65.8
"77",77,"1/4/2011 4:00",26.4,71,69
"78",78,"1/4/2011 5:00",25,72,69
"79",79,"1/4/2011 6:00",25.4,50,71.1
"80",80,"1/4/2011 7:00",25.9,50,71.6
"81",81,"1/4/2011 8:00",27.3,69.7,72.7
"82",82,"1/4/2011 9:00",31.1,70.3,73.3
"83",83,"1/4/2011 10:00",44.5,67.7,73.8
"84",84,"1/4/2011 11:00",49.2,50,70.9
"85",85,"1/4/2011 12:00",53.7,50,73.9
"86",86,"1/4/2011 13:00",54.2,67,71.9
"87",87,"1/4/2011 14:00",56.6,66.8,73.8
"88",88,"1/4/2011 15:00",56.1,68.1,73.1
"89",89,"1/4/2011 16:00",54,50,70.7
"90",90,"1/4/2011 17:00",51.2,50,70.9
"91",91,"1/4/2011 18:00",47.3,50,72.4
"92",92,"1/4/2011 19:00",38,50,71
"93",93,"1/4/2011 20:00",41.9,50,69.8
"94",94,"1/4/2011 21:00",38,50,72
"95",95,"1/4/2011 22:00",35.6,50,65.2
"96",96,"1/4/2011 23:00",34.9,50,62.9
"97",97,"1/5/2011 0:00",37.5,50,62.8
"98",98,"1/5/2011 1:00",35.9,50,59.9
"99",99,"1/5/2011 2:00",39.8,75.5,63.2
"100",100,"1/5/2011 3:00",34.5,77,68.1
"101",101,"1/5/2011 4:00",35.5,50,71.1
"102",102,"1/5/2011 5:00",33.1,50,71.2
"103",103,"1/5/2011 6:00",34.8,50,71.6
"104",104,"1/5/2011 7:00",33.1,50,72.3
"105",105,"1/5/2011 8:00",31.4,50,70.6
"106",106,"1/5/2011 9:00",39.6,68.1,74.2
"107",107,"1/5/2011 10:00",40.7,66.5,71.5
"108",108,"1/5/2011 11:00",43.5,50,74.9
"109",109,"1/5/2011 12:00",43.7,50,73.2
"110",110,"1/5/2011 13:00",44.6,65.4,70.4
"111",111,"1/5/2011 14:00",47.5,50,70.8
"112",112,"1/5/2011 15:00",47.3,50,70
"113",113,"1/5/2011 16:00",47.5,50,70.8
"114",114,"1/5/2011 17:00",45.1,50,70.2
"115",115,"1/5/2011 18:00",44.4,50,69.1
"116",116,"1/5/2011 19:00",43.9,50,69.8
"117",117,"1/5/2011 20:00",43.8,50,71.3
"118",118,"1/5/2011 21:00",43.7,50,70.5
"119",119,"1/5/2011 22:00",42.1,50,65.7
"120",120,"1/5/2011 23:00",43.9,50,65.3
"121",121,"1/6/2011 0:00",42.3,50,61.9
"122",122,"1/6/2011 1:00",43.1,50,62.2
"123",123,"1/6/2011 2:00",43.2,80.4,63.3
"124",124,"1/6/2011 3:00",43.6,81,70.9
"125",125,"1/6/2011 4:00",42.1,50,69.2
"126",126,"1/6/2011 5:00",42.4,50,72.7
"127",127,"1/6/2011 6:00",41.7,50,73.2
"128",128,"1/6/2011 7:00",39.3,67.8,70.7
"129",129,"1/6/2011 8:00",40.4,50,71.9
"130",130,"1/6/2011 9:00",42.4,66.6,73.7
"131",131,"1/6/2011 10:00",43.3,50,72.4
"132",132,"1/6/2011 11:00",43.2,50,70.7
"133",133,"1/6/2011 12:00",45.8,50,72.7
"134",134,"1/6/2011 13:00",47.5,50,72.8
"135",135,"1/6/2011 14:00",45.7,50,71.6
"136",136,"1/6/2011 15:00",44.2,50,68.7
"137",137,"1/6/2011 16:00",44.4,50,70
"138",138,"1/6/2011 17:00",43.3,50,68.8
"139",139,"1/6/2011 18:00",41.2,50,68.7
"140",140,"1/6/2011 19:00",43.6,50,68.9
"141",141,"1/6/2011 20:00",39,77.9,69.9
"142",142,"1/6/2011 21:00",36.4,72.8,70.8
"143",143,"1/6/2011 22:00",32.4,81.4,64.8
"144",144,"1/6/2011 23:00",32.7,50,61.4
"145",145,"1/7/2011 0:00",33.1,67.3,61.2
"146",146,"1/7/2011 1:00",29.6,67.1,60.2
"147",147,"1/7/2011 2:00",33.4,75.9,63.7
"148",148,"1/7/2011 3:00",36.8,73.6,68.7
"149",149,"1/7/2011 4:00",36.8,77.6,69.6
"150",150,"1/7/2011 5:00",35.7,50,70.5
"151",151,"1/7/2011 6:00",34.6,50,73.2
"152",152,"1/7/2011 7:00",33.3,50,69.6
"153",153,"1/7/2011 8:00",33.1,50,72.1
"154",154,"1/7/2011 9:00",37.1,50,72.3
"155",155,"1/7/2011 10:00",39.3,50,71.7
"156",156,"1/7/2011 11:00",41.4,50,71
"157",157,"1/7/2011 12:00",44.6,50,73
"158",158,"1/7/2011 13:00",44.5,50,70.2
"159",159,"1/7/2011 14:00",48.6,50,72.9
"160",160,"1/7/2011 15:00",48.2,50,71.3
"161",161,"1/7/2011 16:00",47.3,50,69.9
"162",162,"1/7/2011 17:00",47.3,50,70.4
"163",163,"1/7/2011 18:00",47.4,50,71.6
"164",164,"1/7/2011 19:00",47.5,50,70.7
"165",165,"1/7/2011 20:00",45.6,50,70.9
"166",166,"1/7/2011 21:00",44.7,50,71.1
"167",167,"1/7/2011 22:00",41.7,50,69.5
"168",168,"1/7/2011 23:00",40.7,50,65.6
"169",169,"1/8/2011 0:00",41.1,50,64.2
"170",170,"1/8/2011 1:00",41.6,50,62.4
"171",171,"1/8/2011 2:00",42.5,79.9,64.7
"172",172,"1/8/2011 3:00",40.3,78.7,68.8
"173",173,"1/8/2011 4:00",39.4,76.8,67.9
"174",174,"1/8/2011 5:00",39.7,82.4,73.2
"175",175,"1/8/2011 6:00",37.4,50,72.8
"176",176,"1/8/2011 7:00",35.7,50,71.3
"177",177,"1/8/2011 8:00",36.8,50,71.7
"178",178,"1/8/2011 9:00",40.2,50,71.4
"179",179,"1/8/2011 10:00",45.4,68.6,73.7
"180",180,"1/8/2011 11:00",45.1,63.7,70.6
"181",181,"1/8/2011 12:00",45.8,66.8,72.7
"182",182,"1/8/2011 13:00",48.1,67.1,72.1
"183",183,"1/8/2011 14:00",48.4,50,72.1
"184",184,"1/8/2011 15:00",48.9,50,71.8
"185",185,"1/8/2011 16:00",48,50,72
"186",186,"1/8/2011 17:00",45.9,50,70.9
"187",187,"1/8/2011 18:00",40.8,50,69.6
"188",188,"1/8/2011 19:00",38.7,50,68.4
"189",189,"1/8/2011 20:00",37.5,78,69.9
"190",190,"1/8/2011 21:00",35.7,81.6,73.4
"191",191,"1/8/2011 22:00",34.6,80,71.2
"192",192,"1/8/2011 23:00",30.6,50,64.2
"193",193,"1/9/2011 0:00",29.3,50,61.7
"194",194,"1/9/2011 1:00",27.9,71.7,60.8
"195",195,"1/9/2011 2:00",28.1,68.3,60.3
"196",196,"1/9/2011 3:00",25.8,70.5,61.5
"197",197,"1/9/2011 4:00",25.1,75.4,68.3
"198",198,"1/9/2011 5:00",23.7,73.2,67.2
"199",199,"1/9/2011 6:00",22.7,74.1,68.2
"200",200,"1/9/2011 7:00",23.3,75,69.9
"201",201,"1/9/2011 8:00",22.7,74.9,68
"202",202,"1/9/2011 9:00",25.7,50,68.2
"203",203,"1/9/2011 10:00",28.5,50,68.8
"204",204,"1/9/2011 11:00",32.1,50,68.2
"205",205,"1/9/2011 12:00",34.1,79.3,69.2
"206",206,"1/9/2011 13:00",35.3,50,68.6
"207",207,"1/9/2011 14:00",38.1,50,69.3
"208",208,"1/9/2011 15:00",38.9,79.9,69.9
"209",209,"1/9/2011 16:00",37.9,82.8,71.8
"210",210,"1/9/2011 17:00",36.4,73.7,70.7
"211",211,"1/9/2011 18:00",32.3,75.5,67.6
"212",212,"1/9/2011 19:00",27,76,69
"213",213,"1/9/2011 20:00",26.8,75.5,68.5
"214",214,"1/9/2011 21:00",25.2,75.5,69.5
"215",215,"1/9/2011 22:00",24.7,76,62.2
"216",216,"1/9/2011 23:00",29.5,68.9,61
"217",217,"1/10/2011 0:00",31,70.1,61.1
"218",218,"1/10/2011 1:00",31.2,72.5,62.4
"219",219,"1/10/2011 2:00",30.6,70.1,61.2
"220",220,"1/10/2011 3:00",31.7,77.2,68.3
"221",221,"1/10/2011 4:00",31.6,77,68.1
"222",222,"1/10/2011 5:00",32.5,50,69
"223",223,"1/10/2011 6:00",32.6,77.4,69.2
"224",224,"1/10/2011 7:00",31.3,83.9,70.8
"225",225,"1/10/2011 8:00",26.6,74.8,67.9
"226",226,"1/10/2011 9:00",27.4,50,68.9
"227",227,"1/10/2011 10:00",27.5,77.4,70.3
"228",228,"1/10/2011 11:00",27.7,76.1,68.2
"229",229,"1/10/2011 12:00",29.4,76.1,69
"230",230,"1/10/2011 13:00",28.9,75.8,69.9
"231",231,"1/10/2011 14:00",30.3,75.8,69.7
"232",232,"1/10/2011 15:00",29.7,75.3,68.3
"233",233,"1/10/2011 16:00",29.6,73.1,67.2
"234",234,"1/10/2011 17:00",29.9,71.7,67.7
"235",235,"1/10/2011 18:00",30.6,73.4,69.3
"236",236,"1/10/2011 19:00",29.5,69.8,65.9
"237",237,"1/10/2011 20:00",29.5,69.9,66
"238",238,"1/10/2011 21:00",30.8,69.6,66.7
"239",239,"1/10/2011 22:00",30.9,66.7,61.7
"240",240,"1/10/2011 23:00",31.2,66.5,60.5
"241",241,"1/11/2011 0:00",30.5,63,59.1
"242",242,"1/11/2011 1:00",30.8,63.5,59.5
"243",243,"1/11/2011 2:00",30.7,63.3,59.3
"244",244,"1/11/2011 3:00",30.8,68.5,65.5
"245",245,"1/11/2011 4:00",31.1,70.1,68.1
"246",246,"1/11/2011 5:00",31.4,70.8,67.8
"247",247,"1/11/2011 6:00",31.1,70.1,68.1
"248",248,"1/11/2011 7:00",30.9,50,67.8
"249",249,"1/11/2011 8:00",30.8,50,67.5
"250",250,"1/11/2011 9:00",32.5,74.2,70.2
"251",251,"1/11/2011 10:00",32.2,76.4,72.4
"252",252,"1/11/2011 11:00",31.9,75.8,71.8
"253",253,"1/11/2011 12:00",32.4,50,69.8
"254",254,"1/11/2011 13:00",33.6,73.2,69.2
"255",255,"1/11/2011 14:00",32.9,70.9,67.9
"256",256,"1/11/2011 15:00",32.7,70.3,67.3
"257",257,"1/11/2011 16:00",32.6,69,67.1
"258",258,"1/11/2011 17:00",32.4,67.7,66.7
"259",259,"1/11/2011 18:00",32.7,69.4,67.4
"260",260,"1/11/2011 19:00",33.5,71,69
"261",261,"1/11/2011 20:00",32.5,69,67
"262",262,"1/11/2011 21:00",33.6,71.2,68.1
"263",263,"1/11/2011 22:00",32.6,69.2,61.2
"264",264,"1/11/2011 23:00",33.5,64,60
"265",265,"1/12/2011 0:00",34.3,64.6,60.5
"266",266,"1/12/2011 1:00",34.5,64,60.9
"267",267,"1/12/2011 2:00",33.9,62.8,59.8
"268",268,"1/12/2011 3:00",33.9,68.9,66.9
"269",269,"1/12/2011 4:00",33.3,68.6,65.7
"270",270,"1/12/2011 5:00",33.5,68.9,67
"271",271,"1/12/2011 6:00",31.7,71.4,68.4
"272",272,"1/12/2011 7:00",30.9,71.8,67.8
"273",273,"1/12/2011 8:00",30.8,50,69.6
"274",274,"1/12/2011 9:00",32.1,75.3,68.2
"275",275,"1/12/2011 10:00",34.3,50,69.6
"276",276,"1/12/2011 11:00",34.4,50,69.9
"277",277,"1/12/2011 12:00",35.8,75.5,68.6
"278",278,"1/12/2011 13:00",36.5,50,68
"279",279,"1/12/2011 14:00",38,50,70.1
"280",280,"1/12/2011 15:00",37.3,50,70.5
"281",281,"1/12/2011 16:00",36.9,71.8,67.8
"282",282,"1/12/2011 17:00",34.5,75,68.1
"283",283,"1/12/2011 18:00",33.4,71.8,68.8
"284",284,"1/12/2011 19:00",32.3,71.6,68.5
"285",285,"1/12/2011 20:00",32.2,70.4,68.4
"286",286,"1/12/2011 21:00",31.4,68.6,66.6
"287",287,"1/12/2011 22:00",32.2,50,62.4
"288",288,"1/12/2011 23:00",30.7,64.4,59.5
"289",289,"1/13/2011 0:00",31.1,63.1,60.1
"290",290,"1/13/2011 1:00",29.6,61.2,59.2
"291",291,"1/13/2011 2:00",29,61.9,59.9
"292",292,"1/13/2011 3:00",28.3,68.6,66.6
"293",293,"1/13/2011 4:00",26.9,68.8,67.8
"294",294,"1/13/2011 5:00",27.5,71.4,69.3
"295",295,"1/13/2011 6:00",26.8,69.6,67.6
"296",296,"1/13/2011 7:00",26,69.9,67.9
"297",297,"1/13/2011 8:00",25.5,73.7,67.8
"298",298,"1/13/2011 9:00",29.2,74.6,71.6
"299",299,"1/13/2011 10:00",32,50,71
"300",300,"1/13/2011 11:00",33.8,50,69.6
"301",301,"1/13/2011 12:00",35.6,50,68.2
"302",302,"1/13/2011 13:00",37.9,75.9,69.9
"303",303,"1/13/2011 14:00",38.9,50,69.8
"304",304,"1/13/2011 15:00",39.8,50,68.6
"305",305,"1/13/2011 16:00",40.4,50,69.7
"306",306,"1/13/2011 17:00",37.6,77.2,70.1
"307",307,"1/13/2011 18:00",33.5,76.2,70.1
"308",308,"1/13/2011 19:00",32.5,71.9,67
"309",309,"1/13/2011 20:00",27.4,70.6,66.7
"310",310,"1/13/2011 21:00",28.5,73.3,69.2
"311",311,"1/13/2011 22:00",26.5,50,64.1
"312",312,"1/13/2011 23:00",25.7,63.2,59.3
"313",313,"1/14/2011 0:00",26.6,62,59
"314",314,"1/14/2011 1:00",26.3,62.7,60.7
"315",315,"1/14/2011 2:00",23.9,61.6,59.7
"316",316,"1/14/2011 3:00",22,68,66
"317",317,"1/14/2011 4:00",22.1,69.2,67.2
"318",318,"1/14/2011 5:00",23.1,68.3,68.3
"319",319,"1/14/2011 6:00",22,69,68
"320",320,"1/14/2011 7:00",23.2,69.5,68.5
"321",321,"1/14/2011 8:00",23,73,68
"322",322,"1/14/2011 9:00",28,50,68.9
"323",323,"1/14/2011 10:00",32,50,69.9
"324",324,"1/14/2011 11:00",36.2,50,71.3
"325",325,"1/14/2011 12:00",40.6,50,72
"326",326,"1/14/2011 13:00",40.7,50,69.4
"327",327,"1/14/2011 14:00",42.7,50,69.5
"328",328,"1/14/2011 15:00",44.2,50,70.3
"329",329,"1/14/2011 16:00",43.4,50,70
"330",330,"1/14/2011 17:00",42.2,50,70.3
"331",331,"1/14/2011 18:00",38.9,76.8,68.8
"332",332,"1/14/2011 19:00",29.6,77,68.1
"333",333,"1/14/2011 20:00",29.2,76.4,69.4
"334",334,"1/14/2011 21:00",27,72.9,68.9
"335",335,"1/14/2011 22:00",26.8,74.4,67.5
"336",336,"1/14/2011 23:00",26.3,67.7,63.6
"337",337,"1/15/2011 0:00",26,72.1,61.1
"338",338,"1/15/2011 1:00",24.9,68.9,60.9
"339",339,"1/15/2011 2:00",24.8,69.5,61.5
"340",340,"1/15/2011 3:00",25,73.1,68.1
"341",341,"1/15/2011 4:00",24.3,70.9,68.9
"342",342,"1/15/2011 5:00",24.1,71.2,68.2
"343",343,"1/15/2011 6:00",24,50,68
"344",344,"1/15/2011 7:00",25.2,73.6,68.6
"345",345,"1/15/2011 8:00",24.6,50,68
"346",346,"1/15/2011 9:00",32.5,50,69
"347",347,"1/15/2011 10:00",40.6,50,73
"348",348,"1/15/2011 11:00",44.4,50,72.7
"349",349,"1/15/2011 12:00",46.2,50,72.3
"350",350,"1/15/2011 13:00",47.8,50,73.3
"351",351,"1/15/2011 14:00",49.7,50,72.5
"352",352,"1/15/2011 15:00",50.1,50,71.6
"353",353,"1/15/2011 16:00",49.4,50,72.5
"354",354,"1/15/2011 17:00",45.6,50,69.3
"355",355,"1/15/2011 18:00",39.3,50,68.9
"356",356,"1/15/2011 19:00",36.1,50,69.2
"357",357,"1/15/2011 20:00",37.1,50,68.1
"358",358,"1/15/2011 21:00",34.4,74.7,66.8
"359",359,"1/15/2011 22:00",36.4,76.8,70.7
"360",360,"1/15/2011 23:00",37.5,50,65.2
"361",361,"1/16/2011 0:00",37.7,50,63.1
"362",362,"1/16/2011 1:00",34.6,50,61.1
"363",363,"1/16/2011 2:00",33.8,70.6,60.7
"364",364,"1/16/2011 3:00",30.9,70.7,61.7
"365",365,"1/16/2011 4:00",28.6,74.8,68
"366",366,"1/16/2011 5:00",28.3,78.9,69.8
"367",367,"1/16/2011 6:00",29.6,50,68.2
"368",368,"1/16/2011 7:00",30.4,50,70
"369",369,"1/16/2011 8:00",29.2,79.5,68.4
"370",370,"1/16/2011 9:00",38.6,50,72
"371",371,"1/16/2011 10:00",44.5,67.8,73.9
"372",372,"1/16/2011 11:00",48.1,69.7,71.7
"373",373,"1/16/2011 12:00",52.1,68.1,73.1
"374",374,"1/16/2011 13:00",53.8,66.7,71.7
"375",375,"1/16/2011 14:00",53,50,71.7
"376",376,"1/16/2011 15:00",53.8,69,74
"377",377,"1/16/2011 16:00",50.7,50,71.5
"378",378,"1/16/2011 17:00",49.9,50,73.3
"379",379,"1/16/2011 18:00",45.9,50,72.4
"380",380,"1/16/2011 19:00",40.4,50,68
"381",381,"1/16/2011 20:00",35.3,50,68.6
"382",382,"1/16/2011 21:00",33.4,50,67.8
"383",383,"1/16/2011 22:00",32.5,50,64.9
"384",384,"1/16/2011 23:00",31,50,64
"385",385,"1/17/2011 0:00",31,50,62.1
"386",386,"1/17/2011 1:00",30.4,50,59.9
"387",387,"1/17/2011 2:00",30.5,77.3,62
"388",388,"1/17/2011 3:00",29,76,69
"389",389,"1/17/2011 4:00",29.7,78.2,68.3
"390",390,"1/17/2011 5:00",30.2,50,69.5
"391",391,"1/17/2011 6:00",31.4,50,71
"392",392,"1/17/2011 7:00",32,50,69.9
"393",393,"1/17/2011 8:00",33.8,50,70.5
"394",394,"1/17/2011 9:00",39.3,50,72.5
"395",395,"1/17/2011 10:00",41.6,50,72.3
"396",396,"1/17/2011 11:00",43.2,50,70.7
"397",397,"1/17/2011 12:00",45.7,50,73.1
"398",398,"1/17/2011 13:00",46.3,50,72.4
"399",399,"1/17/2011 14:00",46.6,50,71.9
"400",400,"1/17/2011 15:00",46,50,71
"401",401,"1/17/2011 16:00",46.3,50,71
"402",402,"1/17/2011 17:00",47.1,50,70.7
"403",403,"1/17/2011 18:00",46.4,50,70.1
"404",404,"1/17/2011 19:00",46.3,50,70
"405",405,"1/17/2011 20:00",47.3,50,71
"406",406,"1/17/2011 21:00",47.9,50,72.4
"407",407,"1/17/2011 22:00",46.1,50,67.7
"408",408,"1/17/2011 23:00",47.7,50,67.9
"409",409,"1/18/2011 0:00",46.6,50,66.4
"410",410,"1/18/2011 1:00",45.3,50,64
"411",411,"1/18/2011 2:00",44.4,76,66.1
"412",412,"1/18/2011 3:00",43.4,50,67
"413",413,"1/18/2011 4:00",42.5,50,69.9
"414",414,"1/18/2011 5:00",39.6,50,70.4
"415",415,"1/18/2011 6:00",40.6,50,72.2
"416",416,"1/18/2011 7:00",38.5,50,71.1
"417",417,"1/18/2011 8:00",38.9,50,71.7
"418",418,"1/18/2011 9:00",38.3,50,71.6
"419",419,"1/18/2011 10:00",39.7,50,72.4
"420",420,"1/18/2011 11:00",41.1,50,72.1
"421",421,"1/18/2011 12:00",40.5,50,69.1
"422",422,"1/18/2011 13:00",42,50,71
"423",423,"1/18/2011 14:00",43,50,71
"424",424,"1/18/2011 15:00",42.4,50,70.9
"425",425,"1/18/2011 16:00",44.4,50,71.6
"426",426,"1/18/2011 17:00",45.4,50,71.7
"427",427,"1/18/2011 18:00",45.7,50,71.1
"428",428,"1/18/2011 19:00",45.7,50,71.1
"429",429,"1/18/2011 20:00",45.2,50,69.3
"430",430,"1/18/2011 21:00",44.2,50,69.7
"431",431,"1/18/2011 22:00",44.2,50,66.8
"432",432,"1/18/2011 23:00",45.7,50,68
"433",433,"1/19/2011 0:00",45.3,50,65
"434",434,"1/19/2011 1:00",45.2,50,62.8
"435",435,"1/19/2011 2:00",46.1,80.2,66.2
"436",436,"1/19/2011 3:00",44.8,69.7,69.7
"437",437,"1/19/2011 4:00",44.7,78.5,69.5
"438",438,"1/19/2011 5:00",44.6,50,71.4
"439",439,"1/19/2011 6:00",45.4,50,71.7
"440",440,"1/19/2011 7:00",45.2,50,73.3
"441",441,"1/19/2011 8:00",45.7,69.1,74.2
"442",442,"1/19/2011 9:00",45.4,50,72
"443",443,"1/19/2011 10:00",47.4,69.2,72.1
"444",444,"1/19/2011 11:00",50.6,68.8,73.9
"445",445,"1/19/2011 12:00",50.3,67.1,72
"446",446,"1/19/2011 13:00",50.4,66.3,72.2
"447",447,"1/19/2011 14:00",51.9,67.1,74.3
"448",448,"1/19/2011 15:00",50.4,50,73.6
"449",449,"1/19/2011 16:00",51.4,50,73.5
"450",450,"1/19/2011 17:00",49.9,50,71.8
"451",451,"1/19/2011 18:00",46.3,50,69.9
"452",452,"1/19/2011 19:00",46.9,50,71.4
"453",453,"1/19/2011 20:00",43.9,50,69.9
"454",454,"1/19/2011 21:00",43.1,50,70.2
"455",455,"1/19/2011 22:00",41.9,50,65.8
"456",456,"1/19/2011 23:00",41.1,50,64.1
"457",457,"1/20/2011 0:00",37.7,50,64.1
"458",458,"1/20/2011 1:00",35.6,50,61.4
"459",459,"1/20/2011 2:00",34.5,75.9,61.1
"460",460,"1/20/2011 3:00",36.1,79.3,69.2
"461",461,"1/20/2011 4:00",34.3,77.7,68.6
"462",462,"1/20/2011 5:00",31.5,50,72.2
"463",463,"1/20/2011 6:00",31.5,50,69
"464",464,"1/20/2011 7:00",31.5,50,73.1
"465",465,"1/20/2011 8:00",32.1,50,72.1
"466",466,"1/20/2011 9:00",39.6,50,72.1
"467",467,"1/20/2011 10:00",44.5,67.2,71.2
"468",468,"1/20/2011 11:00",49,68,73
"469",469,"1/20/2011 12:00",53,68.1,72.1
"470",470,"1/20/2011 13:00",53.1,68.1,73.1
"471",471,"1/20/2011 14:00",52.4,69.5,73.6
"472",472,"1/20/2011 15:00",50.3,66.1,72
"473",473,"1/20/2011 16:00",50.8,66.8,72.8
"474",474,"1/20/2011 17:00",51,50,72
"475",475,"1/20/2011 18:00",49,50,71.9
"476",476,"1/20/2011 19:00",48.1,50,71.1
"477",477,"1/20/2011 20:00",44.3,50,70.4
"478",478,"1/20/2011 21:00",47.2,50,70.8
"479",479,"1/20/2011 22:00",44,50,68
"480",480,"1/20/2011 23:00",48.7,50,66.5
"481",481,"1/21/2011 0:00",52.4,50,66.5
"482",482,"1/21/2011 1:00",51.9,50,67.1
"483",483,"1/21/2011 2:00",51.4,82.7,66.5
"484",484,"1/21/2011 3:00",48.2,50,67.9
"485",485,"1/21/2011 4:00",48.1,50,70.1
"486",486,"1/21/2011 5:00",46,50,72
"487",487,"1/21/2011 6:00",45.7,50,73.1
"488",488,"1/21/2011 7:00",47,66.9,71.9
"489",489,"1/21/2011 8:00",44.8,66.7,71.7
"490",490,"1/21/2011 9:00",43.4,50,71
"491",491,"1/21/2011 10:00",44.6,68,73
"492",492,"1/21/2011 11:00",46.9,50,73.4
"493",493,"1/21/2011 12:00",47,50,72
"494",494,"1/21/2011 13:00",47.2,50,71.8
"495",495,"1/21/2011 14:00",47.5,50,72.2
"496",496,"1/21/2011 15:00",48,50,73
"497",497,"1/21/2011 16:00",47.5,50,71.2
"498",498,"1/21/2011 17:00",44.4,50,70
"499",499,"1/21/2011 18:00",41,50,68.9
"500",500,"1/21/2011 19:00",37.7,77.5,70.4
"501",501,"1/21/2011 20:00",36.7,81.6,70.3
"502",502,"1/21/2011 21:00",34.8,76.5,68.5
"503",503,"1/21/2011 22:00",30,75.9,68.9
"504",504,"1/21/2011 23:00",29.7,81.2,63.4
"505",505,"1/22/2011 0:00",28.7,50,60.4
"506",506,"1/22/2011 1:00",29.8,69.6,60.6
"507",507,"1/22/2011 2:00",31.3,73.7,62.6
"508",508,"1/22/2011 3:00",30.3,76.7,69.6
"509",509,"1/22/2011 4:00",29,77,69
"510",510,"1/22/2011 5:00",27.7,50,68.3
"511",511,"1/22/2011 6:00",28.2,75.5,68.4
"512",512,"1/22/2011 7:00",28.3,76.9,69.8
"513",513,"1/22/2011 8:00",29,76.9,69.9
"514",514,"1/22/2011 9:00",28.9,50,71.7
"515",515,"1/22/2011 10:00",30.4,63.9,74
"516",516,"1/22/2011 11:00",30,50,69
"517",517,"1/22/2011 12:00",29.9,76.7,71.7
"518",518,"1/22/2011 13:00",29.4,78.2,73.1
"519",519,"1/22/2011 14:00",29.5,50,68.9
"520",520,"1/22/2011 15:00",30.5,50,69.1
"521",521,"1/22/2011 16:00",30.1,50,68.2
"522",522,"1/22/2011 17:00",30.2,76.5,69.4
"523",523,"1/22/2011 18:00",28.7,50,67.4
"524",524,"1/22/2011 19:00",27.1,74.4,69.4
"525",525,"1/22/2011 20:00",25.4,76.3,70.2
"526",526,"1/22/2011 21:00",24.9,75.7,67.8
"527",527,"1/22/2011 22:00",23.8,73.5,68.5
"528",528,"1/22/2011 23:00",23.8,69.6,62.6
"529",529,"1/23/2011 0:00",22.2,68.5,61.5
"530",530,"1/23/2011 1:00",21.3,66.9,61.8
"531",531,"1/23/2011 2:00",19.3,67.1,61
"532",532,"1/23/2011 3:00",17.8,66.1,61.2
"533",533,"1/23/2011 4:00",17.7,72.9,67
"534",534,"1/23/2011 5:00",19.1,76.6,71.5
"535",535,"1/23/2011 6:00",18.1,75.6,72.6
"536",536,"1/23/2011 7:00",18.3,72.2,70.2
"537",537,"1/23/2011 8:00",21.1,77.5,70.5
"538",538,"1/23/2011 9:00",27,50,74
"539",539,"1/23/2011 10:00",32.9,68.9,73.8
"540",540,"1/23/2011 11:00",38.6,50,70.2
"541",541,"1/23/2011 12:00",41.2,80.4,69.6
"542",542,"1/23/2011 13:00",44.2,50,72.3
"543",543,"1/23/2011 14:00",45.1,50,72.1
"544",544,"1/23/2011 15:00",44.8,50,69.7
"545",545,"1/23/2011 16:00",45.7,50,69.5
"546",546,"1/23/2011 17:00",41.7,50,67.5
"547",547,"1/23/2011 18:00",39.3,79.6,70.5
"548",548,"1/23/2011 19:00",38.2,76.4,67.6
"549",549,"1/23/2011 20:00",35.5,73,68.1
"550",550,"1/23/2011 21:00",34.5,82.1,71
"551",551,"1/23/2011 22:00",31.9,50,63.8
"552",552,"1/23/2011 23:00",27.7,50,60.3
"553",553,"1/24/2011 0:00",28.3,68.8,61.7
"554",554,"1/24/2011 1:00",27,68.1,61.1
"555",555,"1/24/2011 2:00",25.6,67,61.1
"556",556,"1/24/2011 3:00",25.6,72.8,66.9
"557",557,"1/24/2011 4:00",25.5,76.4,70.2
"558",558,"1/24/2011 5:00",26.9,50,69.8
"559",559,"1/24/2011 6:00",28.5,75.6,68.7
"560",560,"1/24/2011 7:00",29.9,50,70.7
"561",561,"1/24/2011 8:00",32.1,50,70.3
"562",562,"1/24/2011 9:00",35.5,50,71
"563",563,"1/24/2011 10:00",38.3,50,68.7
"564",564,"1/24/2011 11:00",39.3,50,68.8
"565",565,"1/24/2011 12:00",45.7,50,71.1
"566",566,"1/24/2011 13:00",47,50,70
"567",567,"1/24/2011 14:00",47.6,50,71
"568",568,"1/24/2011 15:00",46.6,50,70.5
"569",569,"1/24/2011 16:00",46.3,50,69
"570",570,"1/24/2011 17:00",44.5,50,69.8
"571",571,"1/24/2011 18:00",40.6,77.1,70
"572",572,"1/24/2011 19:00",39.2,87.3,72.6
"573",573,"1/24/2011 20:00",40,50,72
"574",574,"1/24/2011 21:00",40,79,70
"575",575,"1/24/2011 22:00",39.3,50,64.9
"576",576,"1/24/2011 23:00",39.4,50,64.6
"577",577,"1/25/2011 0:00",37.7,50,61.5
"578",578,"1/25/2011 1:00",37.2,50,61.3
"579",579,"1/25/2011 2:00",37.5,79.1,62.9
"580",580,"1/25/2011 3:00",36.5,77,68.1
"581",581,"1/25/2011 4:00",38.6,50,71
"582",582,"1/25/2011 5:00",38.8,50,72.4
"583",583,"1/25/2011 6:00",38.7,50,73.3
"584",584,"1/25/2011 7:00",39.4,50,72.8
"585",585,"1/25/2011 8:00",39.4,50,72.8
"586",586,"1/25/2011 9:00",39.6,50,72.1
"587",587,"1/25/2011 10:00",39.4,50,71
"588",588,"1/25/2011 11:00",40.5,50,70.1
"589",589,"1/25/2011 12:00",43.8,50,72.4
"590",590,"1/25/2011 13:00",44.1,50,68.7
"591",591,"1/25/2011 14:00",46.9,50,72.3
"592",592,"1/25/2011 15:00",47.4,50,70.6
"593",593,"1/25/2011 16:00",47.5,50,70.8
"594",594,"1/25/2011 17:00",47.1,50,70.2
"595",595,"1/25/2011 18:00",47.1,50,70.2
"596",596,"1/25/2011 19:00",47.4,50,70.6
"597",597,"1/25/2011 20:00",48.3,50,69.4
"598",598,"1/25/2011 21:00",49.1,50,68.7
"599",599,"1/25/2011 22:00",49.5,81.1,67.3
"600",600,"1/25/2011 23:00",51,50,66.3
"601",601,"1/26/2011 0:00",52,50,64.8
"602",602,"1/26/2011 1:00",56.6,50,65.7
"603",603,"1/26/2011 2:00",56.4,82.6,66.5
"604",604,"1/26/2011 3:00",54,50,69
"605",605,"1/26/2011 4:00",54,84.5,71.3
"606",606,"1/26/2011 5:00",50.5,50,71.2
"607",607,"1/26/2011 6:00",49,66.9,71.9
"608",608,"1/26/2011 7:00",48.5,67.3,72.3
"609",609,"1/26/2011 8:00",48.7,68.9,73
"610",610,"1/26/2011 9:00",49.3,69.5,72.5
"611",611,"1/26/2011 10:00",51.6,68.8,73.9
"612",612,"1/26/2011 11:00",52.5,67.4,72.3
"613",613,"1/26/2011 12:00",54,68.1,73.1
"614",614,"1/26/2011 13:00",58,70.2,74.3
"615",615,"1/26/2011 14:00",58.4,65.3,72.3
"616",616,"1/26/2011 15:00",55.6,67.6,71.5
"617",617,"1/26/2011 16:00",53.8,50,73
"618",618,"1/26/2011 17:00",51.2,50,73.2
"619",619,"1/26/2011 18:00",49.8,50,73.2
"620",620,"1/26/2011 19:00",48.2,50,69.9
"621",621,"1/26/2011 20:00",48.9,50,71.3
"622",622,"1/26/2011 21:00",47.1,50,71.1
"623",623,"1/26/2011 22:00",47,50,67
"624",624,"1/26/2011 23:00",44.1,50,62.7
"625",625,"1/27/2011 0:00",43.5,50,62.3
"626",626,"1/27/2011 1:00",42.7,50,61.6
"627",627,"1/27/2011 2:00",41.2,78.3,63.3
"628",628,"1/27/2011 3:00",38.5,75,69.9
"629",629,"1/27/2011 4:00",37.7,80.5,70.3
"630",630,"1/27/2011 5:00",34.6,50,68.2
"631",631,"1/27/2011 6:00",34.1,50,70.2
"632",632,"1/27/2011 7:00",32.4,50,70.7
"633",633,"1/27/2011 8:00",31.6,50,71.1
"634",634,"1/27/2011 9:00",38.2,69.6,70.6
"635",635,"1/27/2011 10:00",43.1,68.2,72.2
"636",636,"1/27/2011 11:00",46.5,50,71.3
"637",637,"1/27/2011 12:00",48.3,68.5,72.5
"638",638,"1/27/2011 13:00",48.5,50,72.3
"639",639,"1/27/2011 14:00",50.7,50,73
"640",640,"1/27/2011 15:00",48.8,50,71.6
"641",641,"1/27/2011 16:00",47.7,50,70.5
"642",642,"1/27/2011 17:00",44.6,50,69.4
"643",643,"1/27/2011 18:00",43.7,50,70.1
"644",644,"1/27/2011 19:00",42.4,50,69.7
"645",645,"1/27/2011 20:00",41.7,80.3,70.1
"646",646,"1/27/2011 21:00",39,77,69
"647",647,"1/27/2011 22:00",37.3,83.6,66.5
"648",648,"1/27/2011 23:00",36.8,50,61.7
"649",649,"1/28/2011 0:00",34.2,50,60.4
"650",650,"1/28/2011 1:00",34.6,71.1,60.2
"651",651,"1/28/2011 2:00",33.5,76.1,62.9
"652",652,"1/28/2011 3:00",30.2,76.6,69.5
"653",653,"1/28/2011 4:00",30.1,76.3,69.3
"654",654,"1/28/2011 5:00",33.4,50,70.9
"655",655,"1/28/2011 6:00",31.8,50,71.6
"656",656,"1/28/2011 7:00",30.5,50,73.2
"657",657,"1/28/2011 8:00",37.8,67.6,71.5
"658",658,"1/28/2011 9:00",41.8,50,71.7
"659",659,"1/28/2011 10:00",46.4,67.5,72.6
"660",660,"1/28/2011 11:00",49.8,67.7,71.7
"661",661,"1/28/2011 12:00",52.5,66.4,72.3
"662",662,"1/28/2011 13:00",54.8,67.7,72.7
"663",663,"1/28/2011 14:00",55.1,66,70.9
"664",664,"1/28/2011 15:00",56.3,67.2,72.1
"665",665,"1/28/2011 16:00",54.4,67.3,72.2
"666",666,"1/28/2011 17:00",54.9,50,73.2
"667",667,"1/28/2011 18:00",49.1,50,72.2
"668",668,"1/28/2011 19:00",45.3,50,72.5
"669",669,"1/28/2011 20:00",41.4,50,70.7
"670",670,"1/28/2011 21:00",39.6,50,70.1
"671",671,"1/28/2011 22:00",37.7,78.5,71.3
"672",672,"1/28/2011 23:00",35.7,50,66.4
"673",673,"1/29/2011 0:00",34.4,50,64.8
"674",674,"1/29/2011 1:00",32.4,50,60.9
"675",675,"1/29/2011 2:00",31.4,77.5,60.8
"676",676,"1/29/2011 3:00",30.9,73.8,68.8
"677",677,"1/29/2011 4:00",31.2,78.4,69.4
"678",678,"1/29/2011 5:00",29.6,50,68
"679",679,"1/29/2011 6:00",28.6,50,70.1
"680",680,"1/29/2011 7:00",27.6,50,69.9
"681",681,"1/29/2011 8:00",30.4,50,72.9
"682",682,"1/29/2011 9:00",40.7,67.5,71.5
"683",683,"1/29/2011 10:00",47.8,68.2,74.3
"684",684,"1/29/2011 11:00",48.5,66.4,72.3
"685",685,"1/29/2011 12:00",51.2,67.9,70.9
"686",686,"1/29/2011 13:00",51.6,68.5,72.5
"687",687,"1/29/2011 14:00",53.3,68.2,72.1
"688",688,"1/29/2011 15:00",53.5,66.4,71.4
"689",689,"1/29/2011 16:00",54,69,73
"690",690,"1/29/2011 17:00",53.4,64.3,71.2
"691",691,"1/29/2011 18:00",50.2,50,70.8
"692",692,"1/29/2011 19:00",49.4,50,72.7
"693",693,"1/29/2011 20:00",47,50,70.9
"694",694,"1/29/2011 21:00",47.8,50,71.2
"695",695,"1/29/2011 22:00",47.1,50,69.7
"696",696,"1/29/2011 23:00",49.3,50,68.4
"697",697,"1/30/2011 0:00",48.1,50,66.2
"698",698,"1/30/2011 1:00",49.8,50,66.1
"699",699,"1/30/2011 2:00",47.9,50,63.9
"700",700,"1/30/2011 3:00",48.7,79.5,64.6
"701",701,"1/30/2011 4:00",47,71.9,70.9
"702",702,"1/30/2011 5:00",44.4,50,68.1
"703",703,"1/30/2011 6:00",40.3,50,67.8
"704",704,"1/30/2011 7:00",40.4,50,68.1
"705",705,"1/30/2011 8:00",39.2,50,70.4
"706",706,"1/30/2011 9:00",49.2,68.3,72.3
"707",707,"1/30/2011 10:00",51.3,67.1,72
"708",708,"1/30/2011 11:00",60.2,67.2,73.2
"709",709,"1/30/2011 12:00",65.3,68.3,73.4
"710",710,"1/30/2011 13:00",65.5,67.5,72.4
"711",711,"1/30/2011 14:00",64,69,74.1
"712",712,"1/30/2011 15:00",62.7,68.8,73.8
"713",713,"1/30/2011 16:00",60.3,67.2,72.2
"714",714,"1/30/2011 17:00",55.9,64.8,71.6
"715",715,"1/30/2011 18:00",52,50,70.6
"716",716,"1/30/2011 19:00",48.6,50,72.4
"717",717,"1/30/2011 20:00",46.4,50,72.7
"718",718,"1/30/2011 21:00",42.1,50,72.1
"719",719,"1/30/2011 22:00",42.3,50,68.4
"720",720,"1/30/2011 23:00",41.4,50,66.6
"721",721,"1/31/2011 0:00",43.9,50,64.8
"722",722,"1/31/2011 1:00",39.5,50,63.1
"723",723,"1/31/2011 2:00",37.6,82,63.2
"724",724,"1/31/2011 3:00",39.3,80.6,70.5
"725",725,"1/31/2011 4:00",39.6,83.4,71.2
"726",726,"1/31/2011 5:00",41.4,50,70
"727",727,"1/31/2011 6:00",40.1,50,72.1
"728",728,"1/31/2011 7:00",40.6,50,70.2
"729",729,"1/31/2011 8:00",41.9,50,71.8
"730",730,"1/31/2011 9:00",45.8,50,73.3
"731",731,"1/31/2011 10:00",46.1,50,73.1
"732",732,"1/31/2011 11:00",48.9,50,73.3
"733",733,"1/31/2011 12:00",49.2,50,72.4
"734",734,"1/31/2011 13:00",49.7,50,73
"735",735,"1/31/2011 14:00",48.8,50,70.8
"736",736,"1/31/2011 15:00",49.9,50,73.3
"737",737,"1/31/2011 16:00",49.5,50,71.7
"738",738,"1/31/2011 17:00",47.7,50,69.5
"739",739,"1/31/2011 18:00",47.9,50,71.4
"740",740,"1/31/2011 19:00",45.2,50,68.7
"741",741,"1/31/2011 20:00",44.7,50,67.6
"742",742,"1/31/2011 21:00",44,50,70
"743",743,"1/31/2011 22:00",41.8,81.5,68.2
"744",744,"1/31/2011 23:00",40.9,50,63.9
"745",745,"2/1/2011 0:00",42,50,63
"746",746,"2/1/2011 1:00",41,50,62
"747",747,"2/1/2011 2:00",39.4,77.9,62.1
"748",748,"2/1/2011 3:00",39.4,78.8,70.7
"749",749,"2/1/2011 4:00",39.6,79.2,71.1
"750",750,"2/1/2011 5:00",38.7,50,71.3
"751",751,"2/1/2011 6:00",37.3,50,68.6
"752",752,"2/1/2011 7:00",37.3,50,70.7
"753",753,"2/1/2011 8:00",38.5,50,70
"754",754,"2/1/2011 9:00",39.4,50,71
"755",755,"2/1/2011 10:00",44.2,65.8,70.8
"756",756,"2/1/2011 11:00",49,68.3,74.5
"757",757,"2/1/2011 12:00",48.8,50,74.3
"758",758,"2/1/2011 13:00",48.4,50,72.6
"759",759,"2/1/2011 14:00",50.6,50,73.9
"760",760,"2/1/2011 15:00",50.4,50,72.1
"761",761,"2/1/2011 16:00",50.2,50,71.9
"762",762,"2/1/2011 17:00",51.4,50,72.6
"763",763,"2/1/2011 18:00",49.2,50,70.9
"764",764,"2/1/2011 19:00",48.9,50,70.9
"765",765,"2/1/2011 20:00",48,50,70.9
"766",766,"2/1/2011 21:00",50.3,67.4,72.4
"767",767,"2/1/2011 22:00",53.5,50,69.7
"768",768,"2/1/2011 23:00",58,50,70.3
"769",769,"2/2/2011 0:00",60.8,50,68.9
"770",770,"2/2/2011 1:00",65.2,50,70.3
"771",771,"2/2/2011 2:00",64.4,50,67.4
"772",772,"2/2/2011 3:00",62.8,50,68.7
"773",773,"2/2/2011 4:00",62.5,50,70.4
"774",774,"2/2/2011 5:00",63.9,70,74.1
"775",775,"2/2/2011 6:00",63.2,67.1,72
"776",776,"2/2/2011 7:00",64.1,67.1,74.1
"777",777,"2/2/2011 8:00",65.2,66.2,72.1
"778",778,"2/2/2011 9:00",65.4,65.4,72.3
"779",779,"2/2/2011 10:00",65.6,66.6,73.7
"780",780,"2/2/2011 11:00",63.4,65.3,73.3
"781",781,"2/2/2011 12:00",64.9,65.8,71.7
"782",782,"2/2/2011 13:00",66.4,67.4,72.4
"783",783,"2/2/2011 14:00",68,68,73
"784",784,"2/2/2011 15:00",68.2,68.2,73.2
"785",785,"2/2/2011 16:00",65.7,68.6,72.6
"786",786,"2/2/2011 17:00",63.4,67.4,72.3
"787",787,"2/2/2011 18:00",59.8,66.8,72.8
"788",788,"2/2/2011 19:00",58.7,67.7,71.6
"789",789,"2/2/2011 20:00",56.9,68.1,73.2
"790",790,"2/2/2011 21:00",54.5,65.3,71.3
"791",791,"2/2/2011 22:00",56,50,72
"792",792,"2/2/2011 23:00",56,50,68.8
"793",793,"2/3/2011 0:00",55.1,50,67.9
"794",794,"2/3/2011 1:00",53.8,50,67.8
"795",795,"2/3/2011 2:00",52.9,81.8,68.8
"796",796,"2/3/2011 3:00",51.6,50,69.4
"797",797,"2/3/2011 4:00",50.8,50,70.1
"798",798,"2/3/2011 5:00",48.9,50,71.8
"799",799,"2/3/2011 6:00",47.7,67.9,74
"800",800,"2/3/2011 7:00",45.8,50,74.3
"801",801,"2/3/2011 8:00",43.6,66.9,74
"802",802,"2/3/2011 9:00",40.4,50,70.9
"803",803,"2/3/2011 10:00",42.8,69.2,73.3
"804",804,"2/3/2011 11:00",41.9,50,72.9
"805",805,"2/3/2011 12:00",42.5,65.8,72.9
"806",806,"2/3/2011 13:00",40.8,50,71.7
"807",807,"2/3/2011 14:00",41.7,50,70.4
"808",808,"2/3/2011 15:00",42.4,50,69
"809",809,"2/3/2011 16:00",44.7,50,71.1
"810",810,"2/3/2011 17:00",43.6,50,68.4
"811",811,"2/3/2011 18:00",43.9,50,68.8
"812",812,"2/3/2011 19:00",43,50,70.1
"813",813,"2/3/2011 20:00",42.8,78.6,68.7
"814",814,"2/3/2011 21:00",42.3,76.7,68.8
"815",815,"2/3/2011 22:00",42.2,81.4,67.3
"816",816,"2/3/2011 23:00",40.8,50,63.7
"817",817,"2/4/2011 0:00",41.5,50,62.8
"818",818,"2/4/2011 1:00",39.4,50,60.1
"819",819,"2/4/2011 2:00",38.2,81.5,62.4
"820",820,"2/4/2011 3:00",36.5,76.9,68
"821",821,"2/4/2011 4:00",36.5,50,68
"822",822,"2/4/2011 5:00",37.7,50,72.4
"823",823,"2/4/2011 6:00",36,50,70.9
"824",824,"2/4/2011 7:00",36.6,50,73.2
"825",825,"2/4/2011 8:00",35.4,66.9,70.9
"826",826,"2/4/2011 9:00",35.3,50,70.6
"827",827,"2/4/2011 10:00",36.8,50,71.6
"828",828,"2/4/2011 11:00",37.7,50,70.4
"829",829,"2/4/2011 12:00",37.3,50,70.7
"830",830,"2/4/2011 13:00",39.4,50,71.8
"831",831,"2/4/2011 14:00",42.8,50,71.3
"832",832,"2/4/2011 15:00",43.3,50,69.9
"833",833,"2/4/2011 16:00",44.7,50,71.1
"834",834,"2/4/2011 17:00",43.6,50,68.4
"835",835,"2/4/2011 18:00",43.3,76.7,67.9
"836",836,"2/4/2011 19:00",42.7,84.3,69.5
"837",837,"2/4/2011 20:00",42.8,80.5,70.3
"838",838,"2/4/2011 21:00",41.2,50,69.3
"839",839,"2/4/2011 22:00",42.4,77.7,70.7
"840",840,"2/4/2011 23:00",41.7,50,66.5
"841",841,"2/5/2011 0:00",43.2,50,63.3
"842",842,"2/5/2011 1:00",43.7,50,63
"843",843,"2/5/2011 2:00",44.4,81.7,63.6
"844",844,"2/5/2011 3:00",45.9,50,68.8
"845",845,"2/5/2011 4:00",44.3,50,70.4
"846",846,"2/5/2011 5:00",44.3,50,70.5
"847",847,"2/5/2011 6:00",43.5,50,71.2
"848",848,"2/5/2011 7:00",45.1,50,73.2
"849",849,"2/5/2011 8:00",46.2,73.3,72.3
"850",850,"2/5/2011 9:00",47.2,66.9,70.8
"851",851,"2/5/2011 10:00",51.5,67.3,72.3
"852",852,"2/5/2011 11:00",58.1,67,71.9
"853",853,"2/5/2011 12:00",63.2,68.2,73.3
"854",854,"2/5/2011 13:00",62,66.9,71.9
"855",855,"2/5/2011 14:00",64.6,68.7,73.7
"856",856,"2/5/2011 15:00",63,69.1,74.2
"857",857,"2/5/2011 16:00",59.8,67.8,72.8
"858",858,"2/5/2011 17:00",58.7,67.6,72.6
"859",859,"2/5/2011 18:00",57,50,71.9
"860",860,"2/5/2011 19:00",51.7,50,71.5
"861",861,"2/5/2011 20:00",53,50,73.3
"862",862,"2/5/2011 21:00",51.5,50,70.3
"863",863,"2/5/2011 22:00",50.9,64.8,70.8
"864",864,"2/5/2011 23:00",49.8,50,67.8
"865",865,"2/6/2011 0:00",49.2,50,66.2
"866",866,"2/6/2011 1:00",48.9,50,66.2
"867",867,"2/6/2011 2:00",47.7,50,64.9
"868",868,"2/6/2011 3:00",45.4,81,64.2
"869",869,"2/6/2011 4:00",45.8,77.7,69.7
"870",870,"2/6/2011 5:00",46.7,50,71.1
"871",871,"2/6/2011 6:00",43.9,50,71.8
"872",872,"2/6/2011 7:00",44.1,50,71.2
"873",873,"2/6/2011 8:00",45.2,50,72.3
"874",874,"2/6/2011 9:00",46.1,50,72.2
"875",875,"2/6/2011 10:00",47.8,67.8,71.8
"876",876,"2/6/2011 11:00",51.4,68.5,73.6
"877",877,"2/6/2011 12:00",52.3,68.3,73.4
"878",878,"2/6/2011 13:00",53.9,68.9,72.9
"879",879,"2/6/2011 14:00",54.3,68.4,73.4
"880",880,"2/6/2011 15:00",52.2,66.9,71.8
"881",881,"2/6/2011 16:00",52.5,67.4,71.4
"882",882,"2/6/2011 17:00",49.2,50,71.8
"883",883,"2/6/2011 18:00",47.6,50,71.4
"884",884,"2/6/2011 19:00",45.5,50,72.7
"885",885,"2/6/2011 20:00",42.7,50,70.5
"886",886,"2/6/2011 21:00",42.4,50,69
"887",887,"2/6/2011 22:00",38.6,50,66.3
"888",888,"2/6/2011 23:00",39.4,50,65.7
"889",889,"2/7/2011 0:00",38.3,50,62.9
"890",890,"2/7/2011 1:00",38.9,50,61.8
"891",891,"2/7/2011 2:00",44.7,81.4,65.1
"892",892,"2/7/2011 3:00",41.4,76.8,68.9
"893",893,"2/7/2011 4:00",40.4,80.9,69.1
"894",894,"2/7/2011 5:00",41.6,50,69.3
"895",895,"2/7/2011 6:00",40.5,50,71.2
"896",896,"2/7/2011 7:00",41.6,50,73.1
"897",897,"2/7/2011 8:00",42.8,50,73.3
"898",898,"2/7/2011 9:00",44.4,68.6,73.6
"899",899,"2/7/2011 10:00",48.7,69,74.1
"900",900,"2/7/2011 11:00",49.5,65.4,72.3
"901",901,"2/7/2011 12:00",50.7,67.9,73
"902",902,"2/7/2011 13:00",50.4,50,72.1
"903",903,"2/7/2011 14:00",50.5,50,71.3
"904",904,"2/7/2011 15:00",50.6,50,71.9
"905",905,"2/7/2011 16:00",47.9,50,70.9
"906",906,"2/7/2011 17:00",46.6,50,70.9
"907",907,"2/7/2011 18:00",46.2,50,70.4
"908",908,"2/7/2011 19:00",45.6,50,67.4
"909",909,"2/7/2011 20:00",45.3,50,67.9
"910",910,"2/7/2011 21:00",46.6,50,70.9
"911",911,"2/7/2011 22:00",46.7,50,67.1
"912",912,"2/7/2011 23:00",47.5,50,64.6
"913",913,"2/8/2011 0:00",46.9,50,63.9
"914",914,"2/8/2011 1:00",47.2,50,63.3
"915",915,"2/8/2011 2:00",47.8,82.3,65
"916",916,"2/8/2011 3:00",47.6,82,70.9
"917",917,"2/8/2011 4:00",48.1,81.2,70.2
"918",918,"2/8/2011 5:00",47.8,50,69.7
"919",919,"2/8/2011 6:00",47.9,50,73.3
"920",920,"2/8/2011 7:00",46.1,50,72.1
"921",921,"2/8/2011 8:00",45.2,68.8,70.7
"922",922,"2/8/2011 9:00",47.6,68.8,73.9
"923",923,"2/8/2011 10:00",47.8,65.7,71.6
"924",924,"2/8/2011 11:00",49.9,66.8,71.8
"925",925,"2/8/2011 12:00",51.2,66,70.9
"926",926,"2/8/2011 13:00",52,65.7,70.6
"927",927,"2/8/2011 14:00",54,67,73
"928",928,"2/8/2011 15:00",53,65.7,71.6
"929",929,"2/8/2011 16:00",53.5,50,73.7
"930",930,"2/8/2011 17:00",52.8,50,73
"931",931,"2/8/2011 18:00",48.4,50,72.6
"932",932,"2/8/2011 19:00",45,50,71.1
"933",933,"2/8/2011 20:00",40.3,50,67.9
"934",934,"2/8/2011 21:00",41.7,77.3,70.2
"935",935,"2/8/2011 22:00",34.9,83.7,65.8
"936",936,"2/8/2011 23:00",36.9,50,62.8
"937",937,"2/9/2011 0:00",37.1,50,62.1
"938",938,"2/9/2011 1:00",36.5,50,60.9
"939",939,"2/9/2011 2:00",33.8,72.6,61.6
"940",940,"2/9/2011 3:00",33.6,76.1,68.2
"941",941,"2/9/2011 4:00",31.4,71.7,67.8
"942",942,"2/9/2011 5:00",32,78.1,69
"943",943,"2/9/2011 6:00",31.5,50,69.2
"944",944,"2/9/2011 7:00",30.2,50,69.6
"945",945,"2/9/2011 8:00",32.1,50,71.2
"946",946,"2/9/2011 9:00",36.2,50,72.4
"947",947,"2/9/2011 10:00",41.6,50,71
"948",948,"2/9/2011 11:00",43.4,50,71
"949",949,"2/9/2011 12:00",44.7,50,71.5
"950",950,"2/9/2011 13:00",45.7,50,71.6
"951",951,"2/9/2011 14:00",47.6,50,72.9
"952",952,"2/9/2011 15:00",46.4,50,71.1
"953",953,"2/9/2011 16:00",44.6,50,69.3
"954",954,"2/9/2011 17:00",42,50,69.1
"955",955,"2/9/2011 18:00",41.8,50,68.7
"956",956,"2/9/2011 19:00",41.6,50,68.3
"957",957,"2/9/2011 20:00",42.2,82.4,70.4
"958",958,"2/9/2011 21:00",41.2,76.5,68.7
"959",959,"2/9/2011 22:00",42.1,50,66.1
"960",960,"2/9/2011 23:00",42.7,50,64.1
"961",961,"2/10/2011 0:00",41.5,50,62.7
"962",962,"2/10/2011 1:00",41.6,50,62
"963",963,"2/10/2011 2:00",40.4,77.8,62.7
"964",964,"2/10/2011 3:00",39.5,78,68.9
"965",965,"2/10/2011 4:00",37.5,80,69.1
"966",966,"2/10/2011 5:00",36.4,50,68.8
"967",967,"2/10/2011 6:00",37.3,50,72.6
"968",968,"2/10/2011 7:00",35.6,50,71.1
"969",969,"2/10/2011 8:00",36.6,50,73.3
"970",970,"2/10/2011 9:00",36.6,50,73.2
"971",971,"2/10/2011 10:00",37.7,50,73.4
"972",972,"2/10/2011 11:00",37.5,50,73
"973",973,"2/10/2011 12:00",40.7,50,71.2
"974",974,"2/10/2011 13:00",37.9,50,70.8
"975",975,"2/10/2011 14:00",38.4,50,70.8
"976",976,"2/10/2011 15:00",37,50,69
"977",977,"2/10/2011 16:00",36.3,50,66.8
"978",978,"2/10/2011 17:00",37.4,50,69.7
"979",979,"2/10/2011 18:00",35.7,76.5,70.3
"980",980,"2/10/2011 19:00",32.6,50,70.2
"981",981,"2/10/2011 20:00",31.5,77.3,70.2
"982",982,"2/10/2011 21:00",30.5,75.7,68.9
"983",983,"2/10/2011 22:00",27.7,50,62.4
"984",984,"2/10/2011 23:00",28.7,67.2,60.3
"985",985,"2/11/2011 0:00",29.5,68.1,62
"986",986,"2/11/2011 1:00",27.2,68.5,61.5
"987",987,"2/11/2011 2:00",26,71.9,61.9
"988",988,"2/11/2011 3:00",25.7,75.1,68.2
"989",989,"2/11/2011 4:00",26.5,79.4,70.3
"990",990,"2/11/2011 5:00",27.6,50,69.1
"991",991,"2/11/2011 6:00",27.5,50,69.8
"992",992,"2/11/2011 7:00",29.9,66.8,71.8
"993",993,"2/11/2011 8:00",30.4,64.8,71.7
"994",994,"2/11/2011 9:00",32.7,50,71.3
"995",995,"2/11/2011 10:00",33.7,50,71.3
"996",996,"2/11/2011 11:00",34.3,50,70.7
"997",997,"2/11/2011 12:00",35.3,50,72.6
"998",998,"2/11/2011 13:00",35.5,50,71.1
"999",999,"2/11/2011 14:00",36.5,50,71
"1000",1000,"2/11/2011 15:00",35.8,50,70.5
"1001",1001,"2/11/2011 16:00",37.2,50,69.4
"1002",1002,"2/11/2011 17:00",36.8,50,69.6
"1003",1003,"2/11/2011 18:00",37.7,50,70.3
"1004",1004,"2/11/2011 19:00",36.9,50,68.8
"1005",1005,"2/11/2011 20:00",34.8,76.6,68.6
"1006",1006,"2/11/2011 21:00",33.6,76.4,70.3
"1007",1007,"2/11/2011 22:00",31.2,77.5,70.5
"1008",1008,"2/11/2011 23:00",31.2,50,64.3
"1009",1009,"2/12/2011 0:00",30.2,66.5,61.5
"1010",1010,"2/12/2011 1:00",28.5,66.9,60
"1011",1011,"2/12/2011 2:00",28,68.9,61.9
"1012",1012,"2/12/2011 3:00",26.8,72.3,67.4
"1013",1013,"2/12/2011 4:00",29.3,74.7,69.7
"1014",1014,"2/12/2011 5:00",29.6,50,69.9
"1015",1015,"2/12/2011 6:00",32.1,50,71.2
"1016",1016,"2/12/2011 7:00",30.4,50,74
"1017",1017,"2/12/2011 8:00",32.3,50,72.7
"1018",1018,"2/12/2011 9:00",38,50,71
"1019",1019,"2/12/2011 10:00",43.5,50,73.8
"1020",1020,"2/12/2011 11:00",48,50,72.1
"1021",1021,"2/12/2011 12:00",49.9,50,71.8
"1022",1022,"2/12/2011 13:00",51,66.7,71.6
"1023",1023,"2/12/2011 14:00",52.2,65.9,71.8
"1024",1024,"2/12/2011 15:00",54.3,67.1,72
"1025",1025,"2/12/2011 16:00",54.4,65.3,71.2
"1026",1026,"2/12/2011 17:00",55,50,73.3
"1027",1027,"2/12/2011 18:00",49.2,50,69.9
"1028",1028,"2/12/2011 19:00",45.5,50,68.2
"1029",1029,"2/12/2011 20:00",43.4,50,69.7
"1030",1030,"2/12/2011 21:00",40.2,80.3,69.3
"1031",1031,"2/12/2011 22:00",38.7,75.4,69.4
"1032",1032,"2/12/2011 23:00",37.1,50,65.1
"1033",1033,"2/13/2011 0:00",35.2,50,62.3
"1034",1034,"2/13/2011 1:00",32.6,50,60.2
"1035",1035,"2/13/2011 2:00",31.8,71.5,60.6
"1036",1036,"2/13/2011 3:00",30.7,72.2,61.3
"1037",1037,"2/13/2011 4:00",30.1,76.2,68.1
"1038",1038,"2/13/2011 5:00",30.2,76.5,69.4
"1039",1039,"2/13/2011 6:00",29.7,75.1,68.2
"1040",1040,"2/13/2011 7:00",26.8,79.4,68.5
"1041",1041,"2/13/2011 8:00",30.2,80.6,72.6
"1042",1042,"2/13/2011 9:00",40,50,72
"1043",1043,"2/13/2011 10:00",49.9,67.3,73.4
"1044",1044,"2/13/2011 11:00",52.9,50,74.3
"1045",1045,"2/13/2011 12:00",54.1,67.1,73.1
"1046",1046,"2/13/2011 13:00",54.5,67.4,72.4
"1047",1047,"2/13/2011 14:00",57.1,69.3,74.4
"1048",1048,"2/13/2011 15:00",57.5,67.6,73.7
"1049",1049,"2/13/2011 16:00",56.7,66.7,72.6
"1050",1050,"2/13/2011 17:00",56.8,68,74
"1051",1051,"2/13/2011 18:00",51,50,72
"1052",1052,"2/13/2011 19:00",46.3,50,70.9
"1053",1053,"2/13/2011 20:00",44.5,50,70.2
"1054",1054,"2/13/2011 21:00",43.7,50,70.5
"1055",1055,"2/13/2011 22:00",44.8,50,65.7
"1056",1056,"2/13/2011 23:00",44.7,50,64.6
"1057",1057,"2/14/2011 0:00",45.2,50,61.9
"1058",1058,"2/14/2011 1:00",44.2,50,60.9
"1059",1059,"2/14/2011 2:00",43.6,79.3,62.5
"1060",1060,"2/14/2011 3:00",44.4,77.9,68.1
"1061",1061,"2/14/2011 4:00",44.9,50,68.8
"1062",1062,"2/14/2011 5:00",45.2,50,71.3
"1063",1063,"2/14/2011 6:00",45.8,50,72.3
"1064",1064,"2/14/2011 7:00",45.3,50,72.4
"1065",1065,"2/14/2011 8:00",48.1,66.1,73.2
"1066",1066,"2/14/2011 9:00",54.9,66.1,74.3
"1067",1067,"2/14/2011 10:00",57.8,66.8,72.8
"1068",1068,"2/14/2011 11:00",61.1,67.1,72
"1069",1069,"2/14/2011 12:00",64.2,67.2,72.1
"1070",1070,"2/14/2011 13:00",67.4,68.4,73.4
"1071",1071,"2/14/2011 14:00",68.3,69.4,74.5
"1072",1072,"2/14/2011 15:00",67.4,68.4,73.4
"1073",1073,"2/14/2011 16:00",65.8,67.8,73.9
"1074",1074,"2/14/2011 17:00",63,68.1,74.1
"1075",1075,"2/14/2011 18:00",57.9,67.1,74.2
"1076",1076,"2/14/2011 19:00",53.9,50,72.8
"1077",1077,"2/14/2011 20:00",52.8,50,73.1
"1078",1078,"2/14/2011 21:00",49.7,66.6,71.5
"1079",1079,"2/14/2011 22:00",50.1,50,69.1
"1080",1080,"2/14/2011 23:00",47.3,50,66
"1081",1081,"2/15/2011 0:00",45.3,50,65
"1082",1082,"2/15/2011 1:00",51.5,50,64.3
"1083",1083,"2/15/2011 2:00",47.6,82.3,64.4
"1084",1084,"2/15/2011 3:00",47.5,77.1,68.2
"1085",1085,"2/15/2011 4:00",45.6,80.1,70.9
"1086",1086,"2/15/2011 5:00",43.4,50,70
"1087",1087,"2/15/2011 6:00",40.3,50,72.6
"1088",1088,"2/15/2011 7:00",38.7,50,72.4
"1089",1089,"2/15/2011 8:00",43.4,50,73.7
"1090",1090,"2/15/2011 9:00",50.1,67.1,73.2
"1091",1091,"2/15/2011 10:00",51.9,63.8,71.8
"1092",1092,"2/15/2011 11:00",54,64.8,71.7
"1093",1093,"2/15/2011 12:00",56,67,73
"1094",1094,"2/15/2011 13:00",57.4,66.4,72.3
"1095",1095,"2/15/2011 14:00",57.9,50,72.9
"1096",1096,"2/15/2011 15:00",58.1,50,73.1
"1097",1097,"2/15/2011 16:00",56.3,67.3,72.4
"1098",1098,"2/15/2011 17:00",53.4,68.5,73.6
"1099",1099,"2/15/2011 18:00",50.1,50,72.1
"1100",1100,"2/15/2011 19:00",46.8,50,70.7
"1101",1101,"2/15/2011 20:00",46.4,50,70.6
"1102",1102,"2/15/2011 21:00",46.1,50,70.1
"1103",1103,"2/15/2011 22:00",45.2,50,65.8
"1104",1104,"2/15/2011 23:00",45.7,50,66
"1105",1105,"2/16/2011 0:00",43.1,50,62.7
"1106",1106,"2/16/2011 1:00",37.3,50,61.9
"1107",1107,"2/16/2011 2:00",33.6,80.4,64.1
"1108",1108,"2/16/2011 3:00",32.9,78.6,68.7
"1109",1109,"2/16/2011 4:00",33,78,69
"1110",1110,"2/16/2011 5:00",32.2,50,70.5
"1111",1111,"2/16/2011 6:00",33.1,50,70.3
"1112",1112,"2/16/2011 7:00",33.4,50,72.8
"1113",1113,"2/16/2011 8:00",37.5,50,74.1
"1114",1114,"2/16/2011 9:00",45.1,68.1,73.1
"1115",1115,"2/16/2011 10:00",50.5,68.6,73.7
"1116",1116,"2/16/2011 11:00",52.4,69.6,73.6
"1117",1117,"2/16/2011 12:00",56.2,67,71.9
"1118",1118,"2/16/2011 13:00",56.5,68.3,72.3
"1119",1119,"2/16/2011 14:00",58.6,70.7,73.8
"1120",1120,"2/16/2011 15:00",58.4,69.4,73.5
"1121",1121,"2/16/2011 16:00",56.1,67.9,70.8
"1122",1122,"2/16/2011 17:00",56.6,69.5,71.5
"1123",1123,"2/16/2011 18:00",56,70.2,74.3
"1124",1124,"2/16/2011 19:00",47.7,69.1,73.1
"1125",1125,"2/16/2011 20:00",48.5,50,71.3
"1126",1126,"2/16/2011 21:00",44.2,66.8,70.8
"1127",1127,"2/16/2011 22:00",43.9,50,67.8
"1128",1128,"2/16/2011 23:00",43.6,50,68.9
"1129",1129,"2/17/2011 0:00",42.2,50,63.8
"1130",1130,"2/17/2011 1:00",40.7,50,64.5
"1131",1131,"2/17/2011 2:00",39.1,77.1,65.1
"1132",1132,"2/17/2011 3:00",39.7,79.4,69.5
"1133",1133,"2/17/2011 4:00",41.4,50,70.6
"1134",1134,"2/17/2011 5:00",39.7,50,71.5
"1135",1135,"2/17/2011 6:00",41,50,72.1
"1136",1136,"2/17/2011 7:00",38.3,66.8,71.7
"1137",1137,"2/17/2011 8:00",44.1,70.1,73.1
"1138",1138,"2/17/2011 9:00",55.6,68.5,72.4
"1139",1139,"2/17/2011 10:00",65,65,73
"1140",1140,"2/17/2011 11:00",68.8,70.8,73.8
"1141",1141,"2/17/2011 12:00",68.2,65.3,71.2
"1142",1142,"2/17/2011 13:00",69.9,65.9,71.9
"1143",1143,"2/17/2011 14:00",68.9,67,70.9
"1144",1144,"2/17/2011 15:00",68.2,69.2,73.2
"1145",1145,"2/17/2011 16:00",69.8,70.8,73.8
"1146",1146,"2/17/2011 17:00",66.8,68.8,73.9
"1147",1147,"2/17/2011 18:00",62.1,67,72
"1148",1148,"2/17/2011 19:00",59.9,66.7,71.7
"1149",1149,"2/17/2011 20:00",60,70.1,74.2
"1150",1150,"2/17/2011 21:00",59.7,68.8,73.9
"1151",1151,"2/17/2011 22:00",58.1,50,70.9
"1152",1152,"2/17/2011 23:00",58.9,50,71.9
"1153",1153,"2/18/2011 0:00",61.1,50,73.4
"1154",1154,"2/18/2011 1:00",60.1,50,70.9
"1155",1155,"2/18/2011 2:00",61.5,50,72.6
"1156",1156,"2/18/2011 3:00",61.2,50,71.3
"1157",1157,"2/18/2011 4:00",58.9,66.8,70.7
"1158",1158,"2/18/2011 5:00",59.8,69.9,73.9
"1159",1159,"2/18/2011 6:00",57,66.9,71.8
"1160",1160,"2/18/2011 7:00",57.8,70,74
"1161",1161,"2/18/2011 8:00",57.4,65.3,72.2
"1162",1162,"2/18/2011 9:00",61.7,65.7,72.7
"1163",1163,"2/18/2011 10:00",66.8,64.8,72.7
"1164",1164,"2/18/2011 11:00",70.5,67.5,72.5
"1165",1165,"2/18/2011 12:00",73,69,74
"1166",1166,"2/18/2011 13:00",75.6,67.6,73.6
"1167",1167,"2/18/2011 14:00",72.7,67.8,71.7
"1168",1168,"2/18/2011 15:00",73.2,69.1,73.2
"1169",1169,"2/18/2011 16:00",72,68.9,74
"1170",1170,"2/18/2011 17:00",68.2,69.2,72.2
"1171",1171,"2/18/2011 18:00",64.1,67.1,72
"1172",1172,"2/18/2011 19:00",61.7,68.8,73.8
"1173",1173,"2/18/2011 20:00",59.8,68.9,74
"1174",1174,"2/18/2011 21:00",57.3,68.3,73.3
"1175",1175,"2/18/2011 22:00",58.8,68.9,74
"1176",1176,"2/18/2011 23:00",56.5,50,71.4
"1177",1177,"2/19/2011 0:00",55.7,50,71.7
"1178",1178,"2/19/2011 1:00",55.9,50,68.6
"1179",1179,"2/19/2011 2:00",54.9,50,69.9
"1180",1180,"2/19/2011 3:00",55.7,50,70.9
"1181",1181,"2/19/2011 4:00",56,50,71.2
"1182",1182,"2/19/2011 5:00",55.7,68.8,73.9
"1183",1183,"2/19/2011 6:00",55.5,68.6,73.7
"1184",1184,"2/19/2011 7:00",56.1,67,71.9
"1185",1185,"2/19/2011 8:00",57.6,68.8,73.8
"1186",1186,"2/19/2011 9:00",63.5,69.5,73.6
"1187",1187,"2/19/2011 10:00",65.7,64.7,72.7
"1188",1188,"2/19/2011 11:00",68.5,66.5,72.5
"1189",1189,"2/19/2011 12:00",70.2,69.2,73.2
"1190",1190,"2/19/2011 13:00",70.8,67.9,72.8
"1191",1191,"2/19/2011 14:00",72.5,70.4,73.5
"1192",1192,"2/19/2011 15:00",72.5,69.5,73.5
"1193",1193,"2/19/2011 16:00",69.8,67.8,71.8
"1194",1194,"2/19/2011 17:00",70.4,68.4,73.4
"1195",1195,"2/19/2011 18:00",65.5,67.5,72.5
"1196",1196,"2/19/2011 19:00",61.7,68.7,73.8
"1197",1197,"2/19/2011 20:00",56.6,67.5,72.5
"1198",1198,"2/19/2011 21:00",53.8,66.8,71.7
"1199",1199,"2/19/2011 22:00",58,67,72
"1200",1200,"2/19/2011 23:00",55.6,50,70.8
"1201",1201,"2/20/2011 0:00",50.4,50,67.1
"1202",1202,"2/20/2011 1:00",47.4,50,67.2
"1203",1203,"2/20/2011 2:00",49.4,50,67.6
"1204",1204,"2/20/2011 3:00",46.1,78.1,67.1
"1205",1205,"2/20/2011 4:00",41.5,81.1,69.2
"1206",1206,"2/20/2011 5:00",44.3,50,68.9
"1207",1207,"2/20/2011 6:00",38.2,50,71.4
"1208",1208,"2/20/2011 7:00",34.3,50,70.6
"1209",1209,"2/20/2011 8:00",41.4,67.7,72.8
"1210",1210,"2/20/2011 9:00",50,69,73
"1211",1211,"2/20/2011 10:00",52.8,67.7,72.7
"1212",1212,"2/20/2011 11:00",55.2,68,72
"1213",1213,"2/20/2011 12:00",59,69.2,74.3
"1214",1214,"2/20/2011 13:00",59.8,69.9,74
"1215",1215,"2/20/2011 14:00",56,67.7,71.7
"1216",1216,"2/20/2011 15:00",58,68,73
"1217",1217,"2/20/2011 16:00",54.7,67.9,73
"1218",1218,"2/20/2011 17:00",52.9,69.1,74.2
"1219",1219,"2/20/2011 18:00",51.6,66.8,72.9
"1220",1220,"2/20/2011 19:00",50.2,50,72.3
"1221",1221,"2/20/2011 20:00",50,50,73
"1222",1222,"2/20/2011 21:00",50.5,67.7,72.7
"1223",1223,"2/20/2011 22:00",51.3,50,69.4
"1224",1224,"2/20/2011 23:00",51,50,69.3
"1225",1225,"2/21/2011 0:00",50.7,50,66.6
"1226",1226,"2/21/2011 1:00",53,50,68.3
"1227",1227,"2/21/2011 2:00",52.5,81.2,67.3
"1228",1228,"2/21/2011 3:00",54.8,50,69.8
"1229",1229,"2/21/2011 4:00",59.8,67.7,70.6
"1230",1230,"2/21/2011 5:00",64.1,69.2,74.3
"1231",1231,"2/21/2011 6:00",62.2,67.1,72.1
"1232",1232,"2/21/2011 7:00",63,69,73
"1233",1233,"2/21/2011 8:00",63.6,68.7,73.8
"1234",1234,"2/21/2011 9:00",66.3,68.3,74.4
"1235",1235,"2/21/2011 10:00",68.8,65.8,72.8
"1236",1236,"2/21/2011 11:00",72.6,66.6,73.6
"1237",1237,"2/21/2011 12:00",73.6,68.6,73.6
"1238",1238,"2/21/2011 13:00",73.9,66,72
"1239",1239,"2/21/2011 14:00",75.2,69.1,74.2
"1240",1240,"2/21/2011 15:00",72.7,66.8,72.7
"1241",1241,"2/21/2011 16:00",71.4,65.4,71.4
"1242",1242,"2/21/2011 17:00",67,70,73
"1243",1243,"2/21/2011 18:00",63.8,66.8,73.9
"1244",1244,"2/21/2011 19:00",60.5,68.6,73.6
"1245",1245,"2/21/2011 20:00",59.8,68.7,71.7
"1246",1246,"2/21/2011 21:00",60,66,72
"1247",1247,"2/21/2011 22:00",60.5,50,71.4
"1248",1248,"2/21/2011 23:00",60.7,50,71.7
"1249",1249,"2/22/2011 0:00",62.2,50,70.1
"1250",1250,"2/22/2011 1:00",61,50,70.8
"1251",1251,"2/22/2011 2:00",62.4,50,71.4
"1252",1252,"2/22/2011 3:00",61.6,50,69.6
"1253",1253,"2/22/2011 4:00",60.4,69.3,71.3
"1254",1254,"2/22/2011 5:00",60.1,68,72
"1255",1255,"2/22/2011 6:00",62,69.1,74.1
"1256",1256,"2/22/2011 7:00",59.3,69.4,73.4
"1257",1257,"2/22/2011 8:00",60.1,67.1,73.1
"1258",1258,"2/22/2011 9:00",59.5,64.5,72.4
"1259",1259,"2/22/2011 10:00",55.1,67,71.9
"1260",1260,"2/22/2011 11:00",51,67.7,71.7
"1261",1261,"2/22/2011 12:00",52,66.7,71.6
"1262",1262,"2/22/2011 13:00",50.6,66.4,72.4
"1263",1263,"2/22/2011 14:00",53.3,67.4,72.4
"1264",1264,"2/22/2011 15:00",58.8,70,74
"1265",1265,"2/22/2011 16:00",52.7,67.6,71.6
"1266",1266,"2/22/2011 17:00",51.7,67.9,74
"1267",1267,"2/22/2011 18:00",48.2,50,72.2
"1268",1268,"2/22/2011 19:00",46.3,50,73.5
"1269",1269,"2/22/2011 20:00",45.3,50,71.5
"1270",1270,"2/22/2011 21:00",43.3,50,70.9
"1271",1271,"2/22/2011 22:00",41.3,50,66.9
"1272",1272,"2/22/2011 23:00",39.7,50,65.5
"1273",1273,"2/23/2011 0:00",38.3,50,63.8
"1274",1274,"2/23/2011 1:00",38.6,50,65
"1275",1275,"2/23/2011 2:00",37.7,80.5,65.2
"1276",1276,"2/23/2011 3:00",35.7,77.3,68.3
"1277",1277,"2/23/2011 4:00",34.6,77.2,69.3
"1278",1278,"2/23/2011 5:00",34.9,78.9,69.9
"1279",1279,"2/23/2011 6:00",35.3,50,69.6
"1280",1280,"2/23/2011 7:00",33,50,69.9
"1281",1281,"2/23/2011 8:00",34.4,50,69.9
"1282",1282,"2/23/2011 9:00",39.8,50,73.4
"1283",1283,"2/23/2011 10:00",43.5,50,72.8
"1284",1284,"2/23/2011 11:00",45.8,67.7,71.6
"1285",1285,"2/23/2011 12:00",49.8,67.8,71.8
"1286",1286,"2/23/2011 13:00",53.2,67,71.9
"1287",1287,"2/23/2011 14:00",56.9,67.8,72.8
"1288",1288,"2/23/2011 15:00",58.1,69.1,73.1
"1289",1289,"2/23/2011 16:00",57.3,66.1,71.1
"1290",1290,"2/23/2011 17:00",54.2,50,72.3
"1291",1291,"2/23/2011 18:00",49.2,50,70.9
"1292",1292,"2/23/2011 19:00",46.2,50,70.8
"1293",1293,"2/23/2011 20:00",46.6,50,72
"1294",1294,"2/23/2011 21:00",43.7,50,70.5
"1295",1295,"2/23/2011 22:00",45.8,50,67.7
"1296",1296,"2/23/2011 23:00",46,50,66
"1297",1297,"2/24/2011 0:00",41.9,50,64.8
"1298",1298,"2/24/2011 1:00",42.6,50,64.9
"1299",1299,"2/24/2011 2:00",41.1,77.2,65.1
"1300",1300,"2/24/2011 3:00",40.8,81.5,70.3
"1301",1301,"2/24/2011 4:00",37.5,80,69.1
"1302",1302,"2/24/2011 5:00",38.6,50,72.1
"1303",1303,"2/24/2011 6:00",37.1,50,72.1
"1304",1304,"2/24/2011 7:00",35.6,68.2,73.2
"1305",1305,"2/24/2011 8:00",42.5,70.8,73.9
"1306",1306,"2/24/2011 9:00",52.6,69.7,73.8
"1307",1307,"2/24/2011 10:00",55.7,69.8,73.9
"1308",1308,"2/24/2011 11:00",57.2,69.2,73.2
"1309",1309,"2/24/2011 12:00",57.1,67,71.9
"1310",1310,"2/24/2011 13:00",60.1,67,72
"1311",1311,"2/24/2011 14:00",60.9,67.8,72.8
"1312",1312,"2/24/2011 15:00",60,67.8,71.8
"1313",1313,"2/24/2011 16:00",60.1,68,72
"1314",1314,"2/24/2011 17:00",56.9,66.8,71.7
"1315",1315,"2/24/2011 18:00",56.1,66.9,71.8
"1316",1316,"2/24/2011 19:00",54.5,69.4,72.4
"1317",1317,"2/24/2011 20:00",56.1,67,71.9
"1318",1318,"2/24/2011 21:00",57.4,67.3,71.2
"1319",1319,"2/24/2011 22:00",59.5,50,71.5
"1320",1320,"2/24/2011 23:00",64.1,50,73.3
"1321",1321,"2/25/2011 0:00",64.4,50,70.4
"1322",1322,"2/25/2011 1:00",65,50,72
"1323",1323,"2/25/2011 2:00",61.9,50,69.8
"1324",1324,"2/25/2011 3:00",62.1,50,71
"1325",1325,"2/25/2011 4:00",62.8,68.8,72.8
"1326",1326,"2/25/2011 5:00",63.1,68,72
"1327",1327,"2/25/2011 6:00",63.4,67.4,72.3
"1328",1328,"2/25/2011 7:00",67.1,66.1,74.2
"1329",1329,"2/25/2011 8:00",67,68,73
"1330",1330,"2/25/2011 9:00",66.9,65.9,72.9
"1331",1331,"2/25/2011 10:00",66,66.9,71.9
"1332",1332,"2/25/2011 11:00",68.2,67.2,74.3
"1333",1333,"2/25/2011 12:00",60.6,67.5,72.5
"1334",1334,"2/25/2011 13:00",61.1,68,72
"1335",1335,"2/25/2011 14:00",66.6,67.6,72.6
"1336",1336,"2/25/2011 15:00",68.3,69.3,73.3
"1337",1337,"2/25/2011 16:00",69.3,67.2,74.4
"1338",1338,"2/25/2011 17:00",68.1,70.1,73.1
"1339",1339,"2/25/2011 18:00",65,69.1,74.2
"1340",1340,"2/25/2011 19:00",61.5,68.6,73.6
"1341",1341,"2/25/2011 20:00",58.7,67.6,72.6
"1342",1342,"2/25/2011 21:00",57.4,68.5,73.5
"1343",1343,"2/25/2011 22:00",52.3,67,71
"1344",1344,"2/25/2011 23:00",55.2,50,71
"1345",1345,"2/26/2011 0:00",54,50,71.3
"1346",1346,"2/26/2011 1:00",49.8,50,70.1
"1347",1347,"2/26/2011 2:00",48.1,81.2,68.2
"1348",1348,"2/26/2011 3:00",47.6,50,70.9
"1349",1349,"2/26/2011 4:00",44.3,50,70.4
"1350",1350,"2/26/2011 5:00",41.7,50,73.2
"1351",1351,"2/26/2011 6:00",38.5,50,71.2
"1352",1352,"2/26/2011 7:00",39.3,65.8,70.7
"1353",1353,"2/26/2011 8:00",47.5,68.7,72.8
"1354",1354,"2/26/2011 9:00",48.9,65.9,71.9
"1355",1355,"2/26/2011 10:00",51.4,67.2,72.1
"1356",1356,"2/26/2011 11:00",54.2,68.2,73.2
"1357",1357,"2/26/2011 12:00",53.1,67.9,71.8
"1358",1358,"2/26/2011 13:00",56.5,69.6,73.6
"1359",1359,"2/26/2011 14:00",59,69.2,74.3
"1360",1360,"2/26/2011 15:00",59.3,67.2,72.2
"1361",1361,"2/26/2011 16:00",58.4,68.3,72.3
"1362",1362,"2/26/2011 17:00",58.2,68.1,72
"1363",1363,"2/26/2011 18:00",56.1,66.9,71.8
"1364",1364,"2/26/2011 19:00",54.5,67.4,71.4
"1365",1365,"2/26/2011 20:00",50.8,50,72.7
"1366",1366,"2/26/2011 21:00",50.9,50,73.2
"1367",1367,"2/26/2011 22:00",49.4,67.2,71.2
"1368",1368,"2/26/2011 23:00",46.7,50,68.5
"1369",1369,"2/27/2011 0:00",44.6,50,65.4
"1370",1370,"2/27/2011 1:00",44.4,50,66.6
"1371",1371,"2/27/2011 2:00",43.6,50,65.4
"1372",1372,"2/27/2011 3:00",48.5,78.2,65.3
"1373",1373,"2/27/2011 4:00",48,50,67.6
"1374",1374,"2/27/2011 5:00",49.1,50,69.7
"1375",1375,"2/27/2011 6:00",51.1,68.1,73.1
"1376",1376,"2/27/2011 7:00",52.5,70.7,73.8
"1377",1377,"2/27/2011 8:00",51.2,66.9,71.8
"1378",1378,"2/27/2011 9:00",55.9,67.9,72.9
"1379",1379,"2/27/2011 10:00",65.5,65.5,73.6
"1380",1380,"2/27/2011 11:00",70.8,65.8,71.8
"1381",1381,"2/27/2011 12:00",76,67.1,72.1
"1382",1382,"2/27/2011 13:00",79.3,70.2,73.2
"1383",1383,"2/27/2011 14:00",80.4,71.3,74.3
"1384",1384,"2/27/2011 15:00",78.5,67.6,72.5
"1385",1385,"2/27/2011 16:00",77.3,66.2,72.3
"1386",1386,"2/27/2011 17:00",72.9,69,71.9
"1387",1387,"2/27/2011 18:00",67.8,68.8,72.8
"1388",1388,"2/27/2011 19:00",63.8,69.9,73.9
"1389",1389,"2/27/2011 20:00",60.2,67.1,72.1
"1390",1390,"2/27/2011 21:00",59.9,68.9,71.9
"1391",1391,"2/27/2011 22:00",60,50,72
"1392",1392,"2/27/2011 23:00",60.8,50,73
"1393",1393,"2/28/2011 0:00",60.9,50,72.1
"1394",1394,"2/28/2011 1:00",56,50,71.1
"1395",1395,"2/28/2011 2:00",61.6,50,69.6
"1396",1396,"2/28/2011 3:00",62.2,50,71.3
"1397",1397,"2/28/2011 4:00",62.1,69,72
"1398",1398,"2/28/2011 5:00",62.7,67.7,72.7
"1399",1399,"2/28/2011 6:00",63.9,65.9,72.9
"1400",1400,"2/28/2011 7:00",65.3,66.3,73.4
"1401",1401,"2/28/2011 8:00",66.4,67.4,73.5
"1402",1402,"2/28/2011 9:00",69,68,72
"1403",1403,"2/28/2011 10:00",71.4,66.4,72.4
"1404",1404,"2/28/2011 11:00",71.5,65.5,72.5
"1405",1405,"2/28/2011 12:00",71.6,65.6,72.6
"1406",1406,"2/28/2011 13:00",75.1,72,74.1
"1407",1407,"2/28/2011 14:00",75.9,65,71.9
"1408",1408,"2/28/2011 15:00",75.2,68.2,72.2
"1409",1409,"2/28/2011 16:00",77.1,69.1,73.1
"1410",1410,"2/28/2011 17:00",74.8,68.9,72.8
"1411",1411,"2/28/2011 18:00",69.5,69.5,72.5
"1412",1412,"2/28/2011 19:00",67.8,67.8,72.8
"1413",1413,"2/28/2011 20:00",67.8,69.8,73.8
"1414",1414,"2/28/2011 21:00",67.4,66.4,72.4
"1415",1415,"2/28/2011 22:00",67.8,50,73.9
"1416",1416,"2/28/2011 23:00",61.2,50,74.2
"1417",1417,"3/1/2011 0:00",62,50,73.1
"1418",1418,"3/1/2011 1:00",62.1,50,73.3
"1419",1419,"3/1/2011 2:00",61.2,50,72.2
"1420",1420,"3/1/2011 3:00",61.7,50,72.8
"1421",1421,"3/1/2011 4:00",60.3,68.2,71.1
"1422",1422,"3/1/2011 5:00",58.7,68.8,73.8
"1423",1423,"3/1/2011 6:00",53.5,68.6,72.6
"1424",1424,"3/1/2011 7:00",49.4,67.1,72.1
"1425",1425,"3/1/2011 8:00",49.9,69.3,74.4
"1426",1426,"3/1/2011 9:00",51.7,68.9,73
"1427",1427,"3/1/2011 10:00",52.7,71.9,73
"1428",1428,"3/1/2011 11:00",53,68,72.9
"1429",1429,"3/1/2011 12:00",55.4,68.4,73.5
"1430",1430,"3/1/2011 13:00",55.3,68.1,72.1
"1431",1431,"3/1/2011 14:00",55.6,67.5,72.5
"1432",1432,"3/1/2011 15:00",58.9,70.1,74.1
"1433",1433,"3/1/2011 16:00",56,66.8,71.8
"1434",1434,"3/1/2011 17:00",55.9,70.2,74.2
"1435",1435,"3/1/2011 18:00",50.1,50,71.8
"1436",1436,"3/1/2011 19:00",49.6,50,72.9
"1437",1437,"3/1/2011 20:00",46.3,50,70.9
"1438",1438,"3/1/2011 21:00",46.3,67.4,72.4
"1439",1439,"3/1/2011 22:00",41.6,50,69.9
"1440",1440,"3/1/2011 23:00",39.1,50,66.2
"1441",1441,"3/2/2011 0:00",38.5,50,64.2
"1442",1442,"3/2/2011 1:00",37.9,50,63.9
"1443",1443,"3/2/2011 2:00",37.3,78.5,64.4
"1444",1444,"3/2/2011 3:00",36.4,79.9,69.8
"1445",1445,"3/2/2011 4:00",35.6,78.2,71.1
"1446",1446,"3/2/2011 5:00",34.4,50,69.7
"1447",1447,"3/2/2011 6:00",34.6,50,71.2
"1448",1448,"3/2/2011 7:00",34.5,67,71.9
"1449",1449,"3/2/2011 8:00",37.3,65.8,70.7
"1450",1450,"3/2/2011 9:00",44.8,65.7,71.7
"1451",1451,"3/2/2011 10:00",52.2,68.3,73.3
"1452",1452,"3/2/2011 11:00",54.9,67.6,71.6
"1453",1453,"3/2/2011 12:00",59.1,70.3,74.3
"1454",1454,"3/2/2011 13:00",61.9,67.9,72.9
"1455",1455,"3/2/2011 14:00",64.2,68.2,73.3
"1456",1456,"3/2/2011 15:00",64.4,68.4,72.3
"1457",1457,"3/2/2011 16:00",60.7,67.7,72.7
"1458",1458,"3/2/2011 17:00",60.5,69.6,73.6
"1459",1459,"3/2/2011 18:00",56.2,67,71
"1460",1460,"3/2/2011 19:00",53.9,68.1,74.2
"1461",1461,"3/2/2011 20:00",51.7,50,71.6
"1462",1462,"3/2/2011 21:00",51.9,50,74.2
"1463",1463,"3/2/2011 22:00",46.2,50,68.8
"1464",1464,"3/2/2011 23:00",43.9,50,66.8
"1465",1465,"3/3/2011 0:00",45.4,50,66.6
"1466",1466,"3/3/2011 1:00",42.9,50,64.9
"1467",1467,"3/3/2011 2:00",42.1,82.2,66.1
"1468",1468,"3/3/2011 3:00",41.3,81.6,69.5
"1469",1469,"3/3/2011 4:00",45.5,50,69.3
"1470",1470,"3/3/2011 5:00",42.6,65.4,71.3
"1471",1471,"3/3/2011 6:00",40.7,68.4,71.4
"1472",1472,"3/3/2011 7:00",39.2,66.3,73.4
"1473",1473,"3/3/2011 8:00",44.1,66.7,71.6
"1474",1474,"3/3/2011 9:00",47.4,67.2,71.1
"1475",1475,"3/3/2011 10:00",49.5,67.3,72.2
"1476",1476,"3/3/2011 11:00",53.4,68.6,73.6
"1477",1477,"3/3/2011 12:00",52.3,67.1,72.1
"1478",1478,"3/3/2011 13:00",54.4,68.6,72.6
"1479",1479,"3/3/2011 14:00",52.7,67.6,71.6
"1480",1480,"3/3/2011 15:00",50.7,67.6,71.6
"1481",1481,"3/3/2011 16:00",50.7,67.6,71.6
"1482",1482,"3/3/2011 17:00",49.1,50,72.2
"1483",1483,"3/3/2011 18:00",46.7,66.6,71.6
"1484",1484,"3/3/2011 19:00",44.1,50,71.5
"1485",1485,"3/3/2011 20:00",42.4,50,71
"1486",1486,"3/3/2011 21:00",39.4,66,69.9
"1487",1487,"3/3/2011 22:00",38.5,50,68.9
"1488",1488,"3/3/2011 23:00",36.2,50,65.3
"1489",1489,"3/4/2011 0:00",34.1,50,63.2
"1490",1490,"3/4/2011 1:00",32.4,50,60.8
"1491",1491,"3/4/2011 2:00",33.4,76.9,62.8
"1492",1492,"3/4/2011 3:00",33.2,77.4,69.4
"1493",1493,"3/4/2011 4:00",33.1,50,70.3
"1494",1494,"3/4/2011 5:00",32.2,50,70.5
"1495",1495,"3/4/2011 6:00",30.8,50,71.5
"1496",1496,"3/4/2011 7:00",32.6,69.3,74.3
"1497",1497,"3/4/2011 8:00",37,67.9,71.9
"1498",1498,"3/4/2011 9:00",43.1,67.2,73.2
"1499",1499,"3/4/2011 10:00",49.4,67.2,72.1
"1500",1500,"3/4/2011 11:00",57.9,69,74.1
"1501",1501,"3/4/2011 12:00",58.9,67.9,72.9
"1502",1502,"3/4/2011 13:00",60.5,69.6,73.6
"1503",1503,"3/4/2011 14:00",58,66.9,71.8
"1504",1504,"3/4/2011 15:00",60,67.9,71.8
"1505",1505,"3/4/2011 16:00",59.6,68.7,73.7
"1506",1506,"3/4/2011 17:00",59.5,68.6,73.7
"1507",1507,"3/4/2011 18:00",53.6,67.5,72.5
"1508",1508,"3/4/2011 19:00",53.7,50,73.9
"1509",1509,"3/4/2011 20:00",52.1,50,72.1
"1510",1510,"3/4/2011 21:00",51.9,68.2,74.4
"1511",1511,"3/4/2011 22:00",49.9,59.9,70.9
"1512",1512,"3/4/2011 23:00",48.7,50,69.6
"1513",1513,"3/5/2011 0:00",45.7,50,67.6
"1514",1514,"3/5/2011 1:00",44,50,67
"1515",1515,"3/5/2011 2:00",44.9,78.9,66.9
"1516",1516,"3/5/2011 3:00",41.6,50,69.3
"1517",1517,"3/5/2011 4:00",43.9,50,70.8
"1518",1518,"3/5/2011 5:00",41.7,70.2,73.2
"1519",1519,"3/5/2011 6:00",44.1,68.2,73.2
"1520",1520,"3/5/2011 7:00",46.2,67.8,70.7
"1521",1521,"3/5/2011 8:00",52.9,69.2,74.3
"1522",1522,"3/5/2011 9:00",62.6,68.6,73.7
"1523",1523,"3/5/2011 10:00",63.3,66.2,72.2
"1524",1524,"3/5/2011 11:00",67.2,67.2,74.4
"1525",1525,"3/5/2011 12:00",66.6,66.6,71.6
"1526",1526,"3/5/2011 13:00",65.8,65.8,72.8
"1527",1527,"3/5/2011 14:00",66,68,73
"1528",1528,"3/5/2011 15:00",60.1,67,71.9
"1529",1529,"3/5/2011 16:00",60.9,68.7,71.7
"1530",1530,"3/5/2011 17:00",61.9,70,74
"1531",1531,"3/5/2011 18:00",59.6,69.7,73.8
"1532",1532,"3/5/2011 19:00",58.1,69.1,73.1
"1533",1533,"3/5/2011 20:00",58.5,69.6,73.7
"1534",1534,"3/5/2011 21:00",59,68.1,74.2
"1535",1535,"3/5/2011 22:00",58.1,67,70.9
"1536",1536,"3/5/2011 23:00",60.8,50,73
"1537",1537,"3/6/2011 0:00",60.5,50,72.6
"1538",1538,"3/6/2011 1:00",59.3,50,71.2
"1539",1539,"3/6/2011 2:00",60.6,50,72.7
"1540",1540,"3/6/2011 3:00",59.8,50,70.6
"1541",1541,"3/6/2011 4:00",62,50,71
"1542",1542,"3/6/2011 5:00",61.5,69.5,72.5
"1543",1543,"3/6/2011 6:00",60.8,68.8,72.8
"1544",1544,"3/6/2011 7:00",60.3,68.4,73.4
"1545",1545,"3/6/2011 8:00",60.6,68.5,72.5
"1546",1546,"3/6/2011 9:00",61.9,64.8,71.7
"1547",1547,"3/6/2011 10:00",65,65,71.9
"1548",1548,"3/6/2011 11:00",66.9,67.9,72.9
"1549",1549,"3/6/2011 12:00",66.5,67.5,72.4
"1550",1550,"3/6/2011 13:00",64.8,68.8,73.9
"1551",1551,"3/6/2011 14:00",63.2,69.3,74.4
"1552",1552,"3/6/2011 15:00",62.9,67.8,71.7
"1553",1553,"3/6/2011 16:00",64.9,69.9,72.9
"1554",1554,"3/6/2011 17:00",65.6,68.7,73.7
"1555",1555,"3/6/2011 18:00",66.2,69.3,74.4
"1556",1556,"3/6/2011 19:00",61,66.9,71.8
"1557",1557,"3/6/2011 20:00",53.2,66,71.9
"1558",1558,"3/6/2011 21:00",53.2,67.2,72.3
"1559",1559,"3/6/2011 22:00",52.5,50,70.6
"1560",1560,"3/6/2011 23:00",50.4,50,69.6
"1561",1561,"3/7/2011 0:00",46.9,50,65.9
"1562",1562,"3/7/2011 1:00",45.1,50,66.1
"1563",1563,"3/7/2011 2:00",43.6,81.2,67
"1564",1564,"3/7/2011 3:00",41.7,80.3,70.1
"1565",1565,"3/7/2011 4:00",40.2,50,70.3
"1566",1566,"3/7/2011 5:00",39.4,68.7,72.7
"1567",1567,"3/7/2011 6:00",38,64.9,71.9
"1568",1568,"3/7/2011 7:00",37.5,67.9,72.9
"1569",1569,"3/7/2011 8:00",40.3,66.9,71.8
"1570",1570,"3/7/2011 9:00",44.4,68.7,73.7
"1571",1571,"3/7/2011 10:00",47.3,66.4,72.4
"1572",1572,"3/7/2011 11:00",49.9,70.2,74.3
"1573",1573,"3/7/2011 12:00",52.3,69.5,72.5
"1574",1574,"3/7/2011 13:00",54.5,68.7,73.7
"1575",1575,"3/7/2011 14:00",57,68.2,74.3
"1576",1576,"3/7/2011 15:00",55.3,68.2,72.1
"1577",1577,"3/7/2011 16:00",55.2,67.3,72.3
"1578",1578,"3/7/2011 17:00",53.7,50,71.5
"1579",1579,"3/7/2011 18:00",51.1,67.1,72.1
"1580",1580,"3/7/2011 19:00",49.5,68.7,72.7
"1581",1581,"3/7/2011 20:00",46.6,50,71.4
"1582",1582,"3/7/2011 21:00",45,68,72
"1583",1583,"3/7/2011 22:00",45.8,50,70.2
"1584",1584,"3/7/2011 23:00",43.8,50,68.2
"1585",1585,"3/8/2011 0:00",40.6,50,65.3
"1586",1586,"3/8/2011 1:00",38.7,50,63.5
"1587",1587,"3/8/2011 2:00",38.3,80.6,65.5
"1588",1588,"3/8/2011 3:00",37.1,81.3,70.2
"1589",1589,"3/8/2011 4:00",39.4,50,70.7
"1590",1590,"3/8/2011 5:00",37.5,50,71
"1591",1591,"3/8/2011 6:00",36.7,67.4,71.3
"1592",1592,"3/8/2011 7:00",37.5,68,74.1
"1593",1593,"3/8/2011 8:00",42.4,67.6,73.6
"1594",1594,"3/8/2011 9:00",46.8,68.7,72.7
"1595",1595,"3/8/2011 10:00",50,66.7,71.6
"1596",1596,"3/8/2011 11:00",56,69.3,74.4
"1597",1597,"3/8/2011 12:00",58,67.8,71.7
"1598",1598,"3/8/2011 13:00",62.1,69,71.9
"1599",1599,"3/8/2011 14:00",61.9,70,74.1
"1600",1600,"3/8/2011 15:00",59.5,68.4,72.4
"1601",1601,"3/8/2011 16:00",57.2,67,72
"1602",1602,"3/8/2011 17:00",57.8,69,74
"1603",1603,"3/8/2011 18:00",55,69.3,73.3
"1604",1604,"3/8/2011 19:00",52.5,50,73.8
"1605",1605,"3/8/2011 20:00",52.6,50,72.8
"1606",1606,"3/8/2011 21:00",50.2,68.3,72.4
"1607",1607,"3/8/2011 22:00",49.6,50,70.9
"1608",1608,"3/8/2011 23:00",48.9,50,69.3
"1609",1609,"3/9/2011 0:00",48.4,50,67.5
"1610",1610,"3/9/2011 1:00",44.5,50,66.7
"1611",1611,"3/9/2011 2:00",42.5,77.1,65.2
"1612",1612,"3/9/2011 3:00",44.1,81.2,70.2
"1613",1613,"3/9/2011 4:00",43.8,50,69.7
"1614",1614,"3/9/2011 5:00",44.4,50,72.7
"1615",1615,"3/9/2011 6:00",43.5,67.2,72.1
"1616",1616,"3/9/2011 7:00",44.3,68.5,73.5
"1617",1617,"3/9/2011 8:00",47.3,68.4,73.4
"1618",1618,"3/9/2011 9:00",52.9,67.6,71.6
"1619",1619,"3/9/2011 10:00",58,70,73
"1620",1620,"3/9/2011 11:00",59.4,68.3,72.2
"1621",1621,"3/9/2011 12:00",63.2,69.3,74.4
"1622",1622,"3/9/2011 13:00",62.8,66.8,72.6
"1623",1623,"3/9/2011 14:00",65.2,68.2,72.1
"1624",1624,"3/9/2011 15:00",66.2,70.3,74.4
"1625",1625,"3/9/2011 16:00",64.8,69.9,73.9
"1626",1626,"3/9/2011 17:00",63.6,69.6,73.7
"1627",1627,"3/9/2011 18:00",63.1,69.2,73.2
"1628",1628,"3/9/2011 19:00",63.2,69.4,74.5
"1629",1629,"3/9/2011 20:00",62.8,69.8,73.9
"1630",1630,"3/9/2011 21:00",63,66.1,73.2
"1631",1631,"3/9/2011 22:00",62.9,50,71.9
"1632",1632,"3/9/2011 23:00",61.1,50,69.9
"1633",1633,"3/10/2011 0:00",61.1,50,71
"1634",1634,"3/10/2011 1:00",61,50,69.8
"1635",1635,"3/10/2011 2:00",62,50,73.2
"1636",1636,"3/10/2011 3:00",59.5,50,70.4
"1637",1637,"3/10/2011 4:00",58.7,68.7,71.7
"1638",1638,"3/10/2011 5:00",60.7,69.8,73.9
"1639",1639,"3/10/2011 6:00",62,70.1,74.2
"1640",1640,"3/10/2011 7:00",62.9,69,74.1
"1641",1641,"3/10/2011 8:00",61.7,65.6,72.6
"1642",1642,"3/10/2011 9:00",63.7,66.7,73.8
"1643",1643,"3/10/2011 10:00",65.1,66.1,73.1
"1644",1644,"3/10/2011 11:00",65.1,68.2,74.3
"1645",1645,"3/10/2011 12:00",64.9,67.9,72.9
"1646",1646,"3/10/2011 13:00",68.8,67.8,72.8
"1647",1647,"3/10/2011 14:00",68,69,74.1
"1648",1648,"3/10/2011 15:00",67,70.1,74.1
"1649",1649,"3/10/2011 16:00",65.1,69.1,74.2
"1650",1650,"3/10/2011 17:00",60.3,67.2,72.1
"1651",1651,"3/10/2011 18:00",53.7,69.6,71.6
"1652",1652,"3/10/2011 19:00",53.4,65.3,71.2
"1653",1653,"3/10/2011 20:00",52.2,50,70.9
"1654",1654,"3/10/2011 21:00",53.5,67.3,71.3
"1655",1655,"3/10/2011 22:00",52.6,50,70.8
"1656",1656,"3/10/2011 23:00",50.7,50,68.9
"1657",1657,"3/11/2011 0:00",48,50,65.7
"1658",1658,"3/11/2011 1:00",46.9,50,65.8
"1659",1659,"3/11/2011 2:00",46.6,77.9,66.8
"1660",1660,"3/11/2011 3:00",44.6,78.3,68.4
"1661",1661,"3/11/2011 4:00",44.8,50,71.3
"1662",1662,"3/11/2011 5:00",45,50,73
"1663",1663,"3/11/2011 6:00",43.2,67.3,72.3
"1664",1664,"3/11/2011 7:00",41.4,66,71
"1665",1665,"3/11/2011 8:00",44.9,67.9,71.9
"1666",1666,"3/11/2011 9:00",48,67.1,73.1
"1667",1667,"3/11/2011 10:00",49.9,69.3,73.4
"1668",1668,"3/11/2011 11:00",50.5,68.6,73.7
"1669",1669,"3/11/2011 12:00",51.4,67.2,72.2
"1670",1670,"3/11/2011 13:00",54.3,67.1,71
"1671",1671,"3/11/2011 14:00",54.6,67.7,73.8
"1672",1672,"3/11/2011 15:00",54,68.2,73.3
"1673",1673,"3/11/2011 16:00",54.1,67.1,72.1
"1674",1674,"3/11/2011 17:00",54.1,50,72.1
"1675",1675,"3/11/2011 18:00",50.6,65.5,71.5
"1676",1676,"3/11/2011 19:00",48.4,50,71.2
"1677",1677,"3/11/2011 20:00",45.3,50,70.9
"1678",1678,"3/11/2011 21:00",42.5,50,71.1
"1679",1679,"3/11/2011 22:00",38.3,50,72.5
"1680",1680,"3/11/2011 23:00",38.3,50,66.8
"1681",1681,"3/12/2011 0:00",35.6,50,64.3
"1682",1682,"3/12/2011 1:00",37.7,50,62.5
"1683",1683,"3/12/2011 2:00",37.1,79.2,64.2
"1684",1684,"3/12/2011 3:00",37.7,78.4,69.4
"1685",1685,"3/12/2011 4:00",38.1,50,69.2
"1686",1686,"3/12/2011 5:00",34.9,50,70.7
"1687",1687,"3/12/2011 6:00",33.7,50,70.4
"1688",1688,"3/12/2011 7:00",32.4,68.8,73.9
"1689",1689,"3/12/2011 8:00",40.5,67.1,71
"1690",1690,"3/12/2011 9:00",48.4,66.1,72
"1691",1691,"3/12/2011 10:00",52.1,66.8,71.7
"1692",1692,"3/12/2011 11:00",55.4,68.2,72.2
"1693",1693,"3/12/2011 12:00",60.7,69.8,73.8
"1694",1694,"3/12/2011 13:00",60.1,69.1,73.1
"1695",1695,"3/12/2011 14:00",62.7,68.7,72.7
"1696",1696,"3/12/2011 15:00",64.1,71.2,74.3
"1697",1697,"3/12/2011 16:00",62.6,68.5,72.5
"1698",1698,"3/12/2011 17:00",60,67,73
"1699",1699,"3/12/2011 18:00",57.6,70.7,73.8
"1700",1700,"3/12/2011 19:00",53.5,67.6,72.6
"1701",1701,"3/12/2011 20:00",51.5,50,71.3
"1702",1702,"3/12/2011 21:00",51.7,65.7,72.6
"1703",1703,"3/12/2011 22:00",53.7,66.6,71.6
"1704",1704,"3/12/2011 23:00",54.8,50,71.1
"1705",1705,"3/13/2011 0:00",54.9,50,70.1
"1706",1706,"3/13/2011 1:00",52.5,50,67.3
"1707",1707,"3/13/2011 2:00",53.7,83,68.8
"1708",1708,"3/13/2011 3:00",52.2,50,68.9
"1709",1709,"3/13/2011 4:00",51.1,69.8,70.8
"1710",1710,"3/13/2011 5:00",53.7,64.9,74
"1711",1711,"3/13/2011 6:00",51.4,67.3,72.2
"1712",1712,"3/13/2011 7:00",51.6,66.5,72.4
"1713",1713,"3/13/2011 8:00",55.5,67.4,71.3
"1714",1714,"3/13/2011 9:00",63,68.1,74.2
"1715",1715,"3/13/2011 10:00",65.4,66.4,73.4
"1716",1716,"3/13/2011 11:00",67.5,65.5,73.6
"1717",1717,"3/13/2011 12:00",71.2,66.1,73.2
"1718",1718,"3/13/2011 13:00",73.4,67.2,74.4
"1719",1719,"3/13/2011 14:00",77.1,69,74.1
"1720",1720,"3/13/2011 15:00",75.2,67.3,72.2
"1721",1721,"3/13/2011 16:00",74.2,66.2,72.2
"1722",1722,"3/13/2011 17:00",71.3,67.3,72.3
"1723",1723,"3/13/2011 18:00",67.4,69.4,73.4
"1724",1724,"3/13/2011 19:00",63,67.9,71.8
"1725",1725,"3/13/2011 20:00",61.9,66,73.1
"1726",1726,"3/13/2011 21:00",57.9,50,70.7
"1727",1727,"3/13/2011 22:00",59.1,50,73.3
"1728",1728,"3/13/2011 23:00",56.7,50,69.6
"1729",1729,"3/14/2011 0:00",55.5,50,70.3
"1730",1730,"3/14/2011 1:00",55,50,67.7
"1731",1731,"3/14/2011 2:00",55.4,50,70.5
"1732",1732,"3/14/2011 3:00",54.9,70.1,73.1
"1733",1733,"3/14/2011 4:00",51.7,67.6,72.6
"1734",1734,"3/14/2011 5:00",48.7,68.6,72.6
"1735",1735,"3/14/2011 6:00",49.7,69,74
"1736",1736,"3/14/2011 7:00",50.8,69.1,74.2
"1737",1737,"3/14/2011 8:00",53,70.3,74.4
"1738",1738,"3/14/2011 9:00",55.6,67.5,72.5
"1739",1739,"3/14/2011 10:00",58.1,68,71.9
"1740",1740,"3/14/2011 11:00",61.3,69.4,73.4
"1741",1741,"3/14/2011 12:00",61.9,68.8,71.7
"1742",1742,"3/14/2011 13:00",61,67.9,71.8
"1743",1743,"3/14/2011 14:00",61.6,68.5,72.5
"1744",1744,"3/14/2011 15:00",59.3,68.1,72.1
"1745",1745,"3/14/2011 16:00",58.3,68.1,72.1
"1746",1746,"3/14/2011 17:00",57.5,70.6,73.6
"1747",1747,"3/14/2011 18:00",54.6,67.5,71.4
"1748",1748,"3/14/2011 19:00",53.6,68.7,72.8
"1749",1749,"3/14/2011 20:00",51.8,69,73.1
"1750",1750,"3/14/2011 21:00",50.2,50,71.3
"1751",1751,"3/14/2011 22:00",48.3,50,68
"1752",1752,"3/14/2011 23:00",46.8,50,67.6
"1753",1753,"3/15/2011 0:00",45.3,50,66.5
"1754",1754,"3/15/2011 1:00",46,78.9,66.9
"1755",1755,"3/15/2011 2:00",45.7,50,70.1
"1756",1756,"3/15/2011 3:00",45.6,50,69.5
"1757",1757,"3/15/2011 4:00",46.3,50,72.4
"1758",1758,"3/15/2011 5:00",44.1,65.7,71.5
"1759",1759,"3/15/2011 6:00",43.3,69.5,73.5
"1760",1760,"3/15/2011 7:00",43.3,67,71.9
"1761",1761,"3/15/2011 8:00",49.3,70.4,73.5
"1762",1762,"3/15/2011 9:00",54,68,73
"1763",1763,"3/15/2011 10:00",56.6,68.8,73.8
"1764",1764,"3/15/2011 11:00",58.1,70.3,74.3
"1765",1765,"3/15/2011 12:00",62.8,70.9,73.9
"1766",1766,"3/15/2011 13:00",64,69,73
"1767",1767,"3/15/2011 14:00",63.7,69.7,73.8
"1768",1768,"3/15/2011 15:00",59,67.8,71.7
"1769",1769,"3/15/2011 16:00",61.8,67.8,72.8
"1770",1770,"3/15/2011 17:00",61.1,69.2,74.3
"1771",1771,"3/15/2011 18:00",59.5,68.5,73.6
"1772",1772,"3/15/2011 19:00",55.9,67.7,70.6
"1773",1773,"3/15/2011 20:00",57.4,68.4,73.4
"1774",1774,"3/15/2011 21:00",55.9,67.9,72.9
"1775",1775,"3/15/2011 22:00",54,50,68.7
"1776",1776,"3/15/2011 23:00",56.2,50,69.9
"1777",1777,"3/16/2011 0:00",52.3,50,69
"1778",1778,"3/16/2011 1:00",52.2,50,71.3
"1779",1779,"3/16/2011 2:00",58,50,68.8
"1780",1780,"3/16/2011 3:00",62.3,50,70.2
"1781",1781,"3/16/2011 4:00",65,69.1,74.2
"1782",1782,"3/16/2011 5:00",62.2,68.1,72.1
"1783",1783,"3/16/2011 6:00",61.9,67.8,71.8
"1784",1784,"3/16/2011 7:00",62,69.1,74.2
"1785",1785,"3/16/2011 8:00",62.3,66.3,74.3
"1786",1786,"3/16/2011 9:00",64,65.9,71.8
"1787",1787,"3/16/2011 10:00",70.1,65,72.1
"1788",1788,"3/16/2011 11:00",69.7,62.9,68.8
"1789",1789,"3/16/2011 12:00",73.2,65.1,72.2
"1790",1790,"3/16/2011 13:00",72.4,67.4,72.4
"1791",1791,"3/16/2011 14:00",73.2,67.2,72.2
"1792",1792,"3/16/2011 15:00",71.6,67.7,72.6
"1793",1793,"3/16/2011 16:00",69.6,67.6,71.6
"1794",1794,"3/16/2011 17:00",67.9,68.9,72.9
"1795",1795,"3/16/2011 18:00",65.2,68.2,73.2
"1796",1796,"3/16/2011 19:00",62.1,69.3,74.4
"1797",1797,"3/16/2011 20:00",59.1,69.3,74.4
"1798",1798,"3/16/2011 21:00",55,66,72
"1799",1799,"3/16/2011 22:00",53.9,50,70.8
"1800",1800,"3/16/2011 23:00",49.4,50,69.2
"1801",1801,"3/17/2011 0:00",50.4,50,68.2
"1802",1802,"3/17/2011 1:00",49,79,68
"1803",1803,"3/17/2011 2:00",49.3,50,70
"1804",1804,"3/17/2011 3:00",47,50,69.6
"1805",1805,"3/17/2011 4:00",47.3,50,72.5
"1806",1806,"3/17/2011 5:00",43.7,66.5,72.5
"1807",1807,"3/17/2011 6:00",43.3,66.9,70.8
"1808",1808,"3/17/2011 7:00",44.1,64.7,70.6
"1809",1809,"3/17/2011 8:00",50.6,69.8,72.8
"1810",1810,"3/17/2011 9:00",54,69,73
"1811",1811,"3/17/2011 10:00",58.9,67.9,72.9
"1812",1812,"3/17/2011 11:00",62.1,68.1,73.1
"1813",1813,"3/17/2011 12:00",64.4,69.3,72.3
"1814",1814,"3/17/2011 13:00",66.5,68.4,72.4
"1815",1815,"3/17/2011 14:00",70.4,68.4,73.4
"1816",1816,"3/17/2011 15:00",71.2,71.2,74.3
"1817",1817,"3/17/2011 16:00",66.1,69.1,74.2
"1818",1818,"3/17/2011 17:00",62.7,68.6,72.6
"1819",1819,"3/17/2011 18:00",59.8,67.8,72.8
"1820",1820,"3/17/2011 19:00",56.2,67.1,72
"1821",1821,"3/17/2011 20:00",54,66.7,71.6
"1822",1822,"3/17/2011 21:00",53.9,65.9,71.9
"1823",1823,"3/17/2011 22:00",54.9,50,72.2
"1824",1824,"3/17/2011 23:00",52.4,50,69.1
"1825",1825,"3/18/2011 0:00",54.4,50,69.6
"1826",1826,"3/18/2011 1:00",52.4,50,67.2
"1827",1827,"3/18/2011 2:00",52.8,50,69.7
"1828",1828,"3/18/2011 3:00",51.7,50,73
"1829",1829,"3/18/2011 4:00",52.6,68.8,72.8
"1830",1830,"3/18/2011 5:00",53.5,68.7,72.7
"1831",1831,"3/18/2011 6:00",48.6,67.4,72.4
"1832",1832,"3/18/2011 7:00",52.8,68.7,72.7
"1833",1833,"3/18/2011 8:00",57.2,66,71.9
"1834",1834,"3/18/2011 9:00",62.7,64.7,72.7
"1835",1835,"3/18/2011 10:00",68.2,66.2,72.2
"1836",1836,"3/18/2011 11:00",73,67.1,71
"1837",1837,"3/18/2011 12:00",77.2,67.3,72.2
"1838",1838,"3/18/2011 13:00",82.3,66.2,73.2
"1839",1839,"3/18/2011 14:00",83.1,68.1,73.1
"1840",1840,"3/18/2011 15:00",83.9,67.8,73.8
"1841",1841,"3/18/2011 16:00",81.2,64.9,73.1
"1842",1842,"3/18/2011 17:00",76.7,63.7,69.7
"1843",1843,"3/18/2011 18:00",72,67,72
"1844",1844,"3/18/2011 19:00",67,68,71.9
"1845",1845,"3/18/2011 20:00",65.5,68.5,72.5
"1846",1846,"3/18/2011 21:00",65.8,66.8,72.7
"1847",1847,"3/18/2011 22:00",66.2,50,75.3
"1848",1848,"3/18/2011 23:00",63.6,50,72.6
"1849",1849,"3/19/2011 0:00",63,50,75.1
"1850",1850,"3/19/2011 1:00",63.5,50,72.6
"1851",1851,"3/19/2011 2:00",61.8,66.7,71.6
"1852",1852,"3/19/2011 3:00",63.8,69.9,73.9
"1853",1853,"3/19/2011 4:00",61.5,68.6,73.6
"1854",1854,"3/19/2011 5:00",58.4,68.3,72.3
"1855",1855,"3/19/2011 6:00",57.7,65.7,73.8
"1856",1856,"3/19/2011 7:00",56.7,65.7,72.6
"1857",1857,"3/19/2011 8:00",65,67,74.1
"1858",1858,"3/19/2011 9:00",73.2,67.1,74.2
"1859",1859,"3/19/2011 10:00",75.1,68.1,73.1
"1860",1860,"3/19/2011 11:00",77.7,67.6,73.6
"1861",1861,"3/19/2011 12:00",78.2,66.3,72.2
"1862",1862,"3/19/2011 13:00",76.6,67.6,72.6
"1863",1863,"3/19/2011 14:00",69.3,65.4,71.3
"1864",1864,"3/19/2011 15:00",66.7,69.7,72.7
"1865",1865,"3/19/2011 16:00",66.2,69.2,73.2
"1866",1866,"3/19/2011 17:00",63.8,69.9,73.9
"1867",1867,"3/19/2011 18:00",60.8,68.9,74
"1868",1868,"3/19/2011 19:00",58.7,68.8,73.9
"1869",1869,"3/19/2011 20:00",58.2,67.2,73.2
"1870",1870,"3/19/2011 21:00",56.1,68,71.9
"1871",1871,"3/19/2011 22:00",56,50,71.9
"1872",1872,"3/19/2011 23:00",55,50,69.7
"1873",1873,"3/20/2011 0:00",55.7,50,70.6
"1874",1874,"3/20/2011 1:00",55.6,50,70.8
"1875",1875,"3/20/2011 2:00",54.7,50,70.9
"1876",1876,"3/20/2011 3:00",50.4,50,70.6
"1877",1877,"3/20/2011 4:00",49.5,66.3,71.2
"1878",1878,"3/20/2011 5:00",50.4,66.6,72.6
"1879",1879,"3/20/2011 6:00",46.6,65.4,72.4
"1880",1880,"3/20/2011 7:00",47.9,67.9,72.9
"1881",1881,"3/20/2011 8:00",51.6,68.7,73.8
"1882",1882,"3/20/2011 9:00",56,68.2,74.3
"1883",1883,"3/20/2011 10:00",56.4,67.3,72.2
"1884",1884,"3/20/2011 11:00",60.1,69.1,73.1
"1885",1885,"3/20/2011 12:00",60.5,68.5,72.4
"1886",1886,"3/20/2011 13:00",62.1,69.1,73.1
"1887",1887,"3/20/2011 14:00",62,69,73
"1888",1888,"3/20/2011 15:00",61.7,69.8,73.9
"1889",1889,"3/20/2011 16:00",59.5,68.4,72.3
"1890",1890,"3/20/2011 17:00",57.2,67.1,72
"1891",1891,"3/20/2011 18:00",56.3,68.4,73.4
"1892",1892,"3/20/2011 19:00",54.3,69.1,71.1
"1893",1893,"3/20/2011 20:00",53.6,65.5,71.4
"1894",1894,"3/20/2011 21:00",53.7,67.6,71.6
"1895",1895,"3/20/2011 22:00",53.3,50,71
"1896",1896,"3/20/2011 23:00",54,50,70
"1897",1897,"3/21/2011 0:00",52.1,50,68.8
"1898",1898,"3/21/2011 1:00",53.7,50,68.9
"1899",1899,"3/21/2011 2:00",52.9,50,68.6
"1900",1900,"3/21/2011 3:00",56,74.3,72.3
"1901",1901,"3/21/2011 4:00",55,66.7,71.6
"1902",1902,"3/21/2011 5:00",55.2,68,71.9
"1903",1903,"3/21/2011 6:00",54,67.7,71.6
"1904",1904,"3/21/2011 7:00",51.5,68.3,72.2
"1905",1905,"3/21/2011 8:00",58.5,67.4,72.3
"1906",1906,"3/21/2011 9:00",66,66,74.1
"1907",1907,"3/21/2011 10:00",66.7,63.8,71.6
"1908",1908,"3/21/2011 11:00",68.2,66.2,72.2
"1909",1909,"3/21/2011 12:00",71.1,69.1,73.2
"1910",1910,"3/21/2011 13:00",72.2,70.2,74.2
"1911",1911,"3/21/2011 14:00",71.8,66.9,71.8
"1912",1912,"3/21/2011 15:00",73.1,67.1,73.1
"1913",1913,"3/21/2011 16:00",70.5,67.5,72.5
"1914",1914,"3/21/2011 17:00",67.3,69.3,72.3
"1915",1915,"3/21/2011 18:00",67.9,68.9,74
"1916",1916,"3/21/2011 19:00",66,70.1,74.2
"1917",1917,"3/21/2011 20:00",64.7,69.8,73.8
"1918",1918,"3/21/2011 21:00",63,65.9,71.8
"1919",1919,"3/21/2011 22:00",64,50,72.9
"1920",1920,"3/21/2011 23:00",66.1,50,75.3
"1921",1921,"3/22/2011 0:00",65.7,50,74.9
"1922",1922,"3/22/2011 1:00",63.3,50,72.2
"1923",1923,"3/22/2011 2:00",61.9,50,72.9
"1924",1924,"3/22/2011 3:00",62.7,69.8,73.8
"1925",1925,"3/22/2011 4:00",61,68,73
"1926",1926,"3/22/2011 5:00",58.6,67.5,72.5
"1927",1927,"3/22/2011 6:00",58,66,73
"1928",1928,"3/22/2011 7:00",58,65,73
"1929",1929,"3/22/2011 8:00",62.8,64.9,74
"1930",1930,"3/22/2011 9:00",68.2,65.2,72.1
"1931",1931,"3/22/2011 10:00",75.3,67.4,72.4
"1932",1932,"3/22/2011 11:00",78.5,64.8,70.7
"1933",1933,"3/22/2011 12:00",81.7,63.8,69.8
"1934",1934,"3/22/2011 13:00",83.7,66.7,71.7
"1935",1935,"3/22/2011 14:00",86.5,68.2,74.3
"1936",1936,"3/22/2011 15:00",87.2,69,74
"1937",1937,"3/22/2011 16:00",84.2,67.2,73.2
"1938",1938,"3/22/2011 17:00",82.8,66.8,72.8
"1939",1939,"3/22/2011 18:00",77.9,65.9,72.9
"1940",1940,"3/22/2011 19:00",72.8,68.7,73.8
"1941",1941,"3/22/2011 20:00",68.8,68.8,72.8
"1942",1942,"3/22/2011 21:00",67.6,65.6,72.6
"1943",1943,"3/22/2011 22:00",64.6,50,73.5
"1944",1944,"3/22/2011 23:00",62.8,50,73.8
"1945",1945,"3/23/2011 0:00",59.9,50,73.6
"1946",1946,"3/23/2011 1:00",60.8,50,71.6
"1947",1947,"3/23/2011 2:00",60.4,69.3,72.3
"1948",1948,"3/23/2011 3:00",62.4,68.4,73.5
"1949",1949,"3/23/2011 4:00",62.2,69.3,74.4
"1950",1950,"3/23/2011 5:00",62.3,67.2,72.2
"1951",1951,"3/23/2011 6:00",62,68,73
"1952",1952,"3/23/2011 7:00",60.8,64.7,71.5
"1953",1953,"3/23/2011 8:00",65.7,66.7,73.8
"1954",1954,"3/23/2011 9:00",72.1,65,71.1
"1955",1955,"3/23/2011 10:00",76.9,63.9,70.9
"1956",1956,"3/23/2011 11:00",83.2,64.9,71
"1957",1957,"3/23/2011 12:00",82,63.2,69.1
"1958",1958,"3/23/2011 13:00",84.9,67.9,72.9
"1959",1959,"3/23/2011 14:00",80.4,65.7,71.6
"1960",1960,"3/23/2011 15:00",82.5,67.4,73.5
"1961",1961,"3/23/2011 16:00",79.9,65.1,72
"1962",1962,"3/23/2011 17:00",73.5,66.7,71.6
"1963",1963,"3/23/2011 18:00",71.2,69.2,75.3
"1964",1964,"3/23/2011 19:00",66,67,71.9
"1965",1965,"3/23/2011 20:00",65.2,67.2,72.2
"1966",1966,"3/23/2011 21:00",65.9,69,74
"1967",1967,"3/23/2011 22:00",65.3,67.3,74.3
"1968",1968,"3/23/2011 23:00",64.5,50,74.4
"1969",1969,"3/24/2011 0:00",67,50,74
"1970",1970,"3/24/2011 1:00",66.3,66.3,73.2
"1971",1971,"3/24/2011 2:00",68,70.1,73.1
"1972",1972,"3/24/2011 3:00",61.4,70.5,73.5
"1973",1973,"3/24/2011 4:00",58.5,68.6,73.6
"1974",1974,"3/24/2011 5:00",59.1,68.1,73.1
"1975",1975,"3/24/2011 6:00",57,67.1,74.3
"1976",1976,"3/24/2011 7:00",57.6,64.6,72.5
"1977",1977,"3/24/2011 8:00",61,64.9,71.8
"1978",1978,"3/24/2011 9:00",64.3,64.3,72.2
"1979",1979,"3/24/2011 10:00",69.2,65.3,72.2
"1980",1980,"3/24/2011 11:00",70.3,65.4,71.3
"1981",1981,"3/24/2011 12:00",73.7,65.7,72.7
"1982",1982,"3/24/2011 13:00",74.7,70.7,73.7
"1983",1983,"3/24/2011 14:00",73.6,65.7,71.6
"1984",1984,"3/24/2011 15:00",75.4,64.5,71.4
"1985",1985,"3/24/2011 16:00",75,64,70
"1986",1986,"3/24/2011 17:00",74.1,64,71
"1987",1987,"3/24/2011 18:00",70,68,73
"1988",1988,"3/24/2011 19:00",64.3,68.2,72.2
"1989",1989,"3/24/2011 20:00",56.5,68.6,73.6
"1990",1990,"3/24/2011 21:00",53.6,65.5,71.5
"1991",1991,"3/24/2011 22:00",53,50,72
"1992",1992,"3/24/2011 23:00",53,50,73.3
"1993",1993,"3/25/2011 0:00",50.8,50,72.2
"1994",1994,"3/25/2011 1:00",48.6,50,70.9
"1995",1995,"3/25/2011 2:00",47.4,50,70.6
"1996",1996,"3/25/2011 3:00",45.1,50,68.6
"1997",1997,"3/25/2011 4:00",45.1,67.1,72.2
"1998",1998,"3/25/2011 5:00",45.1,68.2,73.2
"1999",1999,"3/25/2011 6:00",44.8,66.7,72.7
"2000",2000,"3/25/2011 7:00",45.7,69,74.1
"2001",2001,"3/25/2011 8:00",48.6,67.9,73
"2002",2002,"3/25/2011 9:00",50.2,67.9,71.8
"2003",2003,"3/25/2011 10:00",51.5,67.3,72.3
"2004",2004,"3/25/2011 11:00",54.3,68.3,73.4
"2005",2005,"3/25/2011 12:00",54.8,69,74.1
"2006",2006,"3/25/2011 13:00",54.9,67.9,72.9
"2007",2007,"3/25/2011 14:00",56.2,68.3,73.3
"2008",2008,"3/25/2011 15:00",54.4,68.5,73.5
"2009",2009,"3/25/2011 16:00",54.7,68.9,74
"2010",2010,"3/25/2011 17:00",54,68,73
"2011",2011,"3/25/2011 18:00",52.3,66.1,72.1
"2012",2012,"3/25/2011 19:00",52.3,67.1,71
"2013",2013,"3/25/2011 20:00",52.6,66.5,71.5
"2014",2014,"3/25/2011 21:00",53.1,68.1,73.2
"2015",2015,"3/25/2011 22:00",50.2,50,68.9
"2016",2016,"3/25/2011 23:00",48.6,50,70.9
"2017",2017,"3/26/2011 0:00",47.9,50,67.8
"2018",2018,"3/26/2011 1:00",46.4,78.7,68.6
"2019",2019,"3/26/2011 2:00",43.7,50,69.5
"2020",2020,"3/26/2011 3:00",46.5,50,70.8
"2021",2021,"3/26/2011 4:00",45.4,50,72
"2022",2022,"3/26/2011 5:00",47.4,68.6,73.7
"2023",2023,"3/26/2011 6:00",49.6,70.9,72.9
"2024",2024,"3/26/2011 7:00",49.6,67.5,72.4
"2025",2025,"3/26/2011 8:00",52.9,70.2,74.3
"2026",2026,"3/26/2011 9:00",56.5,68.7,73.7
"2027",2027,"3/26/2011 10:00",57.9,65.8,71.8
"2028",2028,"3/26/2011 11:00",58.2,68.3,73.3
"2029",2029,"3/26/2011 12:00",58.5,68.5,72.4
"2030",2030,"3/26/2011 13:00",57.5,68.4,72.4
"2031",2031,"3/26/2011 14:00",58.2,68.3,73.3
"2032",2032,"3/26/2011 15:00",56.2,68,72
"2033",2033,"3/26/2011 16:00",56.6,67.5,72.4
"2034",2034,"3/26/2011 17:00",56.3,68.4,73.4
"2035",2035,"3/26/2011 18:00",53.6,67.5,71.4
"2036",2036,"3/26/2011 19:00",53,68,73
"2037",2037,"3/26/2011 20:00",52,66.7,71.6
"2038",2038,"3/26/2011 21:00",50.7,66.6,71.5
"2039",2039,"3/26/2011 22:00",51.2,50,70.3
"2040",2040,"3/26/2011 23:00",50.3,50,69
"2041",2041,"3/27/2011 0:00",50.6,50,68.8
"2042",2042,"3/27/2011 1:00",48.8,50,69.1
"2043",2043,"3/27/2011 2:00",46.4,79.7,68.6
"2044",2044,"3/27/2011 3:00",46.1,50,69.2
"2045",2045,"3/27/2011 4:00",45.9,50,69.8
"2046",2046,"3/27/2011 5:00",45.8,50,73.2
"2047",2047,"3/27/2011 6:00",44.3,50,72.6
"2048",2048,"3/27/2011 7:00",43.2,66.8,70.7
"2049",2049,"3/27/2011 8:00",44.8,50,73.3
"2050",2050,"3/27/2011 9:00",43.7,50,74.2
"2051",2051,"3/27/2011 10:00",43,50,72
"2052",2052,"3/27/2011 11:00",42.2,50,70.7
"2053",2053,"3/27/2011 12:00",44.4,50,73.6
"2054",2054,"3/27/2011 13:00",44.3,70.5,72.5
"2055",2055,"3/27/2011 14:00",42.5,67.2,72.1
"2056",2056,"3/27/2011 15:00",41.2,50,70.7
"2057",2057,"3/27/2011 16:00",41.9,50,71.7
"2058",2058,"3/27/2011 17:00",42.2,50,71.3
"2059",2059,"3/27/2011 18:00",40.7,50,69.5
"2060",2060,"3/27/2011 19:00",41.3,50,71.6
"2061",2061,"3/27/2011 20:00",39.4,50,68.9
"2062",2062,"3/27/2011 21:00",40.7,50,71.1
"2063",2063,"3/27/2011 22:00",40.3,50,66.5
"2064",2064,"3/27/2011 23:00",40.3,50,64.4
"2065",2065,"3/28/2011 0:00",40.5,50,64.7
"2066",2066,"3/28/2011 1:00",39.2,79.4,64.3
"2067",2067,"3/28/2011 2:00",39.8,79.5,71.4
"2068",2068,"3/28/2011 3:00",38.2,50,68.4
"2069",2069,"3/28/2011 4:00",37.6,50,69.3
"2070",2070,"3/28/2011 5:00",37.6,50,70.3
"2071",2071,"3/28/2011 6:00",38.3,50,71.6
"2072",2072,"3/28/2011 7:00",37.4,50,69.8
"2073",2073,"3/28/2011 8:00",38.7,50,73.3
"2074",2074,"3/28/2011 9:00",37,50,71
"2075",2075,"3/28/2011 10:00",36.7,50,70.4
"2076",2076,"3/28/2011 11:00",38.7,50,70.5
"2077",2077,"3/28/2011 12:00",39.8,50,70.7
"2078",2078,"3/28/2011 13:00",41.3,50,70.5
"2079",2079,"3/28/2011 14:00",43.6,50,71
"2080",2080,"3/28/2011 15:00",42.4,50,69
"2081",2081,"3/28/2011 16:00",43.1,50,70.2
"2082",2082,"3/28/2011 17:00",44.6,50,70
"2083",2083,"3/28/2011 18:00",45.2,50,68.3
"2084",2084,"3/28/2011 19:00",44.4,50,70.7
"2085",2085,"3/28/2011 20:00",44.6,50,70.9
"2086",2086,"3/28/2011 21:00",40.9,79.8,69.9
"2087",2087,"3/28/2011 22:00",39.1,50,68.2
"2088",2088,"3/28/2011 23:00",38.3,50,62.9
"2089",2089,"3/29/2011 0:00",38.1,50,62.1
"2090",2090,"3/29/2011 1:00",36.7,78.4,64.2
"2091",2091,"3/29/2011 2:00",33.5,76.9,67.1
"2092",2092,"3/29/2011 3:00",33.9,78.8,69.8
"2093",2093,"3/29/2011 4:00",33.2,50,70.4
"2094",2094,"3/29/2011 5:00",33.3,50,71.6
"2095",2095,"3/29/2011 6:00",33.6,50,73.3
"2096",2096,"3/29/2011 7:00",35.1,67.1,72.1
"2097",2097,"3/29/2011 8:00",42.9,50,71.8
"2098",2098,"3/29/2011 9:00",48.8,69.2,74.3
"2099",2099,"3/29/2011 10:00",51.5,69.3,71.3
"2100",2100,"3/29/2011 11:00",55.9,69.1,74.2
"2101",2101,"3/29/2011 12:00",54.9,66.7,71.6
"2102",2102,"3/29/2011 13:00",56.6,67.7,73.8
"2103",2103,"3/29/2011 14:00",56.6,69.7,73.7
"2104",2104,"3/29/2011 15:00",56.3,67.2,72.1
"2105",2105,"3/29/2011 16:00",57.6,67.7,73.7
"2106",2106,"3/29/2011 17:00",55.7,68.9,74
"2107",2107,"3/29/2011 18:00",53.6,66.5,71.4
"2108",2108,"3/29/2011 19:00",50.1,50,71.7
"2109",2109,"3/29/2011 20:00",45.2,50,70.8
"2110",2110,"3/29/2011 21:00",43.6,67.3,71.3
"2111",2111,"3/29/2011 22:00",44.1,50,69.1
"2112",2112,"3/29/2011 23:00",46.6,50,67.4
"2113",2113,"3/30/2011 0:00",48.7,50,68.9
"2114",2114,"3/30/2011 1:00",49.3,50,66.1
"2115",2115,"3/30/2011 2:00",50.3,79.9,68.1
"2116",2116,"3/30/2011 3:00",50.5,50,71.7
"2117",2117,"3/30/2011 4:00",50.7,50,72.5
"2118",2118,"3/30/2011 5:00",51,66.7,71.6
"2119",2119,"3/30/2011 6:00",53.5,68.6,73.7
"2120",2120,"3/30/2011 7:00",52.9,68.9,72.9
"2121",2121,"3/30/2011 8:00",56.4,67.3,72.2
"2122",2122,"3/30/2011 9:00",58.7,67.6,72.6
"2123",2123,"3/30/2011 10:00",59.8,68.9,74
"2124",2124,"3/30/2011 11:00",54.5,68.4,72.4
"2125",2125,"3/30/2011 12:00",57.1,68.2,73.2
"2126",2126,"3/30/2011 13:00",52.9,50,71.9
"2127",2127,"3/30/2011 14:00",47.3,67,71.9
"2128",2128,"3/30/2011 15:00",47.6,64.5,71.4
"2129",2129,"3/30/2011 16:00",47.4,67.6,72.7
"2130",2130,"3/30/2011 17:00",48.7,65.6,71.5
"2131",2131,"3/30/2011 18:00",47.5,65.3,71.2
"2132",2132,"3/30/2011 19:00",48.1,50,72.1
"2133",2133,"3/30/2011 20:00",47.3,66.1,71
"2134",2134,"3/30/2011 21:00",48,67,72
"2135",2135,"3/30/2011 22:00",48,50,69
"2136",2136,"3/30/2011 23:00",47.8,50,65.8
"2137",2137,"3/31/2011 0:00",47.4,50,65.2
"2138",2138,"3/31/2011 1:00",47.4,76.7,66.6
"2139",2139,"3/31/2011 2:00",47.5,50,69.8
"2140",2140,"3/31/2011 3:00",46.9,50,69.9
"2141",2141,"3/31/2011 4:00",45.5,65.2,71.2
"2142",2142,"3/31/2011 5:00",44.6,67.3,71.3
"2143",2143,"3/31/2011 6:00",44.6,66.5,71.4
"2144",2144,"3/31/2011 7:00",45,68,72
"2145",2145,"3/31/2011 8:00",45.3,66.9,71.8
"2146",2146,"3/31/2011 9:00",47,66,72.9
"2147",2147,"3/31/2011 10:00",49.5,68.7,72.7
"2148",2148,"3/31/2011 11:00",50.3,65.1,71
"2149",2149,"3/31/2011 12:00",51,67.9,71.9
"2150",2150,"3/31/2011 13:00",52.4,68.6,72.6
"2151",2151,"3/31/2011 14:00",51.3,50,72.4
"2152",2152,"3/31/2011 15:00",52.3,68.4,73.4
"2153",2153,"3/31/2011 16:00",52.7,50,72.6
"2154",2154,"3/31/2011 17:00",52.9,68.9,71.9
"2155",2155,"3/31/2011 18:00",53.6,68.7,72.8
"2156",2156,"3/31/2011 19:00",52.3,66.2,71.1
"2157",2157,"3/31/2011 20:00",50.9,66.9,71.9
"2158",2158,"3/31/2011 21:00",50.1,70.1,72.1
"2159",2159,"3/31/2011 22:00",50.6,50,69.8
"2160",2160,"3/31/2011 23:00",49.1,50,66.8
